id,description
0,"""## TICK - to heavy - I want to find lightweight visualistic monitoring service - go to prometheus"""
1,"""## 회사  서버  홈페이지가  느려졌다  모든  로딩이  늦게  된다 원인  파악을  어떻게  해야  될까  1.  구글개발자도구  audits """
2,"""## cloud - AWS, GCP, AZURE - server -> lambda -> dynamodb -> server - web, db, lambda, mq - cognito - cloud program micro service - use app engine - lambda <-> sns server <-> web server"""
3,"""## aws free tier - anytime     - lambda 1M     - dynamodb 25G     - CloudWatch 10     - CodePipeline, Code commit     - MQ - 12 month     - EC2 750h/m     - S3 5G     - ElasticCache     - Load Balancing"""
4,"""## container serverless - knative, lstio, open-faas - heroku getting started test"""
5,"""## suggestion - recently update document - related document with this document - related document with interests"""
6,"""## CI/CD - jenkins - pipeline"""
7,"""## kubernetes - https://github.com/dennyzhang/cheatsheet-kubernetes-A4/blob/master/README.org - ClusterIP vs NodePort vs Ingress"""
8,"""## Redis - http://highscalability.com/blog/2019/9/3/top-redis-use-cases-by-core-data-structure-types.html """
9,"""## TDD what kind of test is there     - unit, component, end-to-end test stage     - local, stage(same production but no real world), production"""
10,"""## python yield     - generators     - iterator"""
11,"""## Environment - use vim code complete??     - that is make heavy     - but it's need - fish vs zsh     - using fish     - (03-12)     zsh -> fish     why?     zsh need oh-my-zsh     configuration need to lot     fish has own     it is important set to aws console, docker console immediatly setting - vim vs nvim     - vim is enough - vim(soft) vs vim(hard)     - it is hard is ok """
12,"""## docker cache update - --no-cache - in compose, up with --force-recreate               build with --no-cache"""
13,"""## BDD - how to set test level?? - test all function is ok. but Is this can all testing situation? - I want a good way... an efficient way... - read more TDD advise article  !fish config GOPATH conflict : go path /go in docker go"""
14,"""## useful emoji > :warning: :kr: :x: :musical_note: :+1: :white_check_mark: - emoji is unicode      #### Bookmark - https://github.com/janko/vim-test - https://joereynoldsaudio.com/2018/07/07/you-dont-need-vimwiki.html - https://utteranc.es/ - https://www.youtube.com/watch?v=J_EQDtpYSNM&list=WL&index=50     - it is so good video to learning a foreign language - https://www.youtube.com/watch?v=QdEsM7-_DLI&list=WL&index=67     - good video for feeling better"""
15,"""## rclone - rclone sync source:path remote:path     - copy source to the remote path     - without remote:directory - to be the same source     - `-P` option shows real-time transfer statistics - rclone mount remote:path source_path     - https://rclone.org/commands/rclone_mount/"""
16,"""## Bookmark https://www.44bits.io/ko/post/replay-2019-korea-tech-development-conferences https://medium.com/@parkjoonkyu/%ED%85%8D%EC%8A%A4%ED%8A%B8-%EC%9E%85%EB%A0%A5%EA%B8%B0%EB%A1%9C-%EB%B3%B8-wayland%EC%9D%98-%ED%98%84%EC%A3%BC%EC%86%8C-130ac441de7a https://uznam8x.tistory.com/entry/%EC%9E%90%EC%A3%BC-%EC%82%AC%EC%9A%A9%ED%95%98%EB%8A%94-%EC%A0%95%EA%B7%9C%EC%8B%9D-%ED%8C%A8%ED%84%B4"""
17,"""## bash screenshot and link when Pomodoro done - it need screenshot program     - (scrot) not working; visible black screen     - (image-magick) full screen not working     - (gnome-screenshot) working"""
18,"""## Bookmark - [Avoiding Memory Leak in Golang API](https://hackernoon.com/avoiding-memory-leak-in-golang-api-1843ef45fca8) - [Go by Example](https://mingrammer.com/gobyexample/) - [flaviocopes golang data structures](https://flaviocopes.com/golang-data-structures/)"""
19,"""## vim - vim lsp hover disable - when using vim-go. it is not good - vim autocomplete need being smoothly - in vimwiki enter not working - space key short cut check -> search word - what is `<expr>`"""
20,"""## WASM - $GOOS=js GOARCH=wasm go build -o test.wasm test.go - js.NewCallback -> js.FuncOf (since go 1.12) - tinygo - ../build/tinygo build -o out/main.wasm -target wasm -panic trap ./go/main.go  - is it can async behavior? like promise? > awesome  \+ (3/29) - need vim-go migration - render speed too slow, HTML code render write to HTML file - go file will have the only function - read directory - !read JSON, don't read a file"""
21,"""## go build, install - mkdir $GOPATH/github.com/<user>/<project> - using command: go install [$GOPATH/github.com/<user>/<project>] - using package: go build [$GOPATH/github.com/<user>/<project>]"""
22,"""## I want make vimwiki suggestion program - search vimwiki list - choose 5     - there is rand or crypto random. rand is the same input same output - view in vim all - send telegram - make random index file   --- > fish shell syntax is a different bash. I don't like it."""
23,"""## telegram API - URL don't accept `\n`     - using url.QueryEscape in net/url """
24,"""## gnome drop terminal - using keymap insert(numpad)   > it's very good. quick access and make useful Numpad     - Bluetooth keyboard haven't Numpad, right alt is better - I want to change a font in drop terminal, but it doesn't have that option - there is XFCE drop-down terminal app     - it has more option - (4/6) drop terminal not used frequently"""
25,"""## chrome used too many resources   - Should I change my browser?     - chrome has debug mode, vimium(shortcut), sync login, translate - many time using to chrome - Do I use another browser when I search?"""
26,"""## gnome extension - [todo.txt](https://extensions.gnome.org/extension/570/todotxt/) > awesome app, good idea that managing todo to only one file - change every week done-file that this weekend file -> file conflict. I'm made done-file"""
27,"""## upload weekly note process - grammer, spell check in Github edit file - syntax check in Papago - git commit"""
28,"""## google keep API test - login need long time - need Unicode decode - https://gkeepapi.readthedocs.io/en/latest/#"""
29,"""## blog - comment tool disqus -> utteranc - jekyll Dockerfile error     - Gemfile.lock file version doesn't same with the original file - dark mode button update     - utteranc using darkmode         - https://github.com/utterance/utterances/issues/170     - footer, page title text, read-more part update     - apply delayed when reload the page. how to keep theme after      - it need time during load session     - ! no have comment component error     - ! expose function not working"""
30,"""## ubuntu keyboard lag - setting to Settings->Universal Access -> Repeat keys (delay down) - https://askubuntu.com/questions/1029256/keyboard-input-lag-in-ubuntu-18-04"""
31,"""## reminder - daily alarm is suck. I don't mind that carefully. So, How to remind something how to use reminder efficiently   - after Pomodoro reminds something?  ! google keep conflict when many devices turn on (IOS, Android, web)  ! vim-arrow (h,j,k,l) how to well using, I used to arrow-key and it's comfortable , but I want to use vim arrow  vim kanban is possible - project using Kanban is good : [taskell](https://github.com/smallhadroncollider/taskell)"""
32,"""## terraform - create aws provider file - setup VPC, security group - command     - init, providers, plan, apply - dynamodb - ! vpc id not exist     - ""${aws_vpc.example.id}"" -> aws_vpc.example.id - ec2 need public key, aws access key environment     - ssh-keygen -t rsa -b 4096 -C ""<EMAIL_ADDRESS>"" -f ""$HOME/.ssh/web_admin"" -N """" - tags don't need `=`, filter need `=` - !The provider argument requires a provider type name, optionally followed by a period and then a configuration alias.     - ""AWS.eu-central-1"" -> AWS - ec2 - s3 - dynamodb - if you want to expose the external network. use gateway - which thing stored in s3? - setting ec2 public IP - (4/3) - upload file to s3 - access ec2 server     - ssh -i ""<.pem>"" <ec2-server-address>.compute.amazonaws.com - change keypair to ec2 instance -> public ip cannot access     - provisioner problem - first apply to instance doesn't output public IP - how to connect lambda? in browser"""
33,"""## vim  - vim fold     - only markdown using vim fold     - : `set foldlevelstart=1` and `let g:vimwiki_folding='expr'` - vim ci + `'` or `""` or `[]` or `{}` -> delete inner word in circle - ! vim command already exists     : `command` -> `command!`"""
34,"""## Onedrive sync workspace - Golang bin folder too large     - expose cloud instead expose Golang from workspace - exclude     - terraform/.terraform     - .git     - docker     - golang/bin - .git file has too large because I had war file     - https://stackoverflow.com/questions/5613345/how-to-shrink-the-git-folder"""
35,"""## google keep api - read keep, save md file - md file -> send telegram - !encoding problem     - `export PYTHONIOENCODING=utf-8` - environment variable -> `os.environ.get(<""ENV"">)` - bookmark filtering     - write file, write date, keep delete     - or add label, archive - I don't read keep alarm - write file encode problem     - korean need encode then open with ""wb""     - https://stackoverflow.com/questions/5512811/builtins-typeerror-must-be-str-not-bytes ```python with open(""test.md"", ""wb"") as file:     for note in notes:         file.write(note.text.encode(""utf-8"")) ``` """
36,"""## what is stdin - standard stream     - stdin     - stdout     - stderr"""
37,"""## ansible - https://www.digitalocean.com/community/tutorials/how-to-install-and-configure-ansible-on-ubuntu-18-04 - setting /etc/ansible/hosts - terraform provision execute only during create"""
38,"""## Nginx letsencrypt - DNS setting - install letsencrypt - `letsencrypt certonly --standalone` - setting Nginx - run Nginx"""
39,"""## what kind of fonts are not custom web fonts? - https://www.w3schools.com/cssref/css_websafe_fonts.asp - https://css-tricks.com/snippets/css/css-font-families/ - https://css-tricks.com/snippets/css/system-font-stack/"""
40,"""## terraform - Need update when changing a provisioner - ! resource ""null_resource"" -> null     - Do `terraform init`"""
41,"""## Note Tag - during watch sub-tag, can see root tag - make tag relation tree - if I went to Rome. Rome tag is related to Italy, travel - travel -> Italy -> Rome - when I see the Rome log. can see Italy and travel, plus day tag"""
42,"""## terraform - terraform taint aws_instance.example-server      - aws_instance recreate when terraform apply     - terraform null_resource is better then an instance make to a taint         - https://github.com/gruntwork-io/terratest/blob/master/examples/terraform-remote-exec-example/main.tf     - null resource need `terraform init` - recreate instance with same eip - !WARNING: REMOTE HOST IDENTIFICATION HAS CHANGED!     - clear `~/.ssh/known_hosts` or recreate ssh key `ssh-keygen -R <host IP>`     - https://www.ssh.com/ssh/keygen/ - ! aws_instance remote-exec ssh connection not working     - user = ""root"" -> user = ""ubuntu"" - letsencrypt -d <domain> -m <email> -n(all agree) --agree-tos     - https://github.com/ployst/docker-letsencrypt/issues/18  ! GitHub Pages is temporarily down for maintenance. : just temporarily down"""
43,"""## [add vim spell check](https://www.linux.com/training-tutorials/using-spell-checking-vim/)"""
44,"""## crontab not working - /etc/crontab <-> crontab -e     - /etc/crontab is system cron     - crontab -e is user cron - crontab <filename>"""
45,"""## to-do-list     auto create todo list when write todo?     if done write a weekly note, remove that in a todo list     todo organize main-todo menu automatically     how to manage bookmark     make todo.txt parsing and done button     > to-do-list - start but not finished. Does it need a different list?       > I have done-list. it is managed at week. done-list have category     > to-do-list has a duration, 1hour, 1day, 1week, 1month, 1year     > Pomodoro - to-do-list - shell - title-bar - kanban"""
46,"""## Jekyll category - I want parent list - It is similar to the category but different a little - make category data page - I don't need a category. I need parent tag"""
47,"""## Initial script make one choose 1,2 with no input 1.home 2.not-home if execute with name execute directly -- no need that, if I want to install docker only, need docker.sh"""
48,"""## Blog - want HTML body width full size     - but it looks no beauty..."""
49,"""## serverless - install `curl -o- -L https://slss.io/install | bash` - !Error: spawn /home/sh/.serverless/bin/xdg-open ENOENT     - no install xdg-open. manual install and copy to serverless/bin directory - !""service"" property is missing in serverless.yml     - get started is sucks     - run `serverless` for first setting"""
50,"""## ansible - ansible-galaxy - setting `/etc/ansible/hosts` file or make hosts file with `-i` ``` [webserver] server_ip # <work_directory>/hosts ``` - hosts test `ansible webserver -m ping -i hosts --private-key <private-key> -u <user>`     - https://alex.dzyoba.com/blog/terraform-ansible/ - how to connect with pub file"""
51,"""## wasm - tinygo     - ! Uncaught (in promise) TypeError: WebAssembly.instantiate(): Import #0 module=""wasi_unstable"" error: module is not an object or function         - TODO - https://github.com/golang/go/wiki/WebAssembly"""
52,"""## ubuntu font - mv ttf file to `~/.fonts` - terminal font list update `fc-cache -f -v` - inconsolata"""
53,"""## go - ! vim-go binary install failed, could not find 'golangci-lint'     - golangci not support go get - disable lint check - ! could not find gopls -> reinstall gopls - wasm function not defined     - cache clear"""
54,"""## ! docker 8080 cannot access - docker-compose command go run server.go --> run is ok. but can't connect - different command and run server.go in docker --> run and connect ok """
55,"""## Go WASM - ! dial TCP: Protocol not available     - WASM app don't allow HTTP     - how to access Redis - server - test -> upload mdfile -> show post     - how to automation upload  --- - (4/16) - what's different between wasm and was     - javascript to wasm language  --- - (4/17) - get file     - https://github.com/mattn/golang-wasm-example/blob/master/main.go     - render local path -> URL - use for HTTP Get     - use goroutine     - https://github.com/golang/go/issues/26382 - which protocol use to render post? WASM or HTTP - what is strength for WASM     - use server language in browser     - client-side rendering - how to use wasm power     - compiler     - game     - calculator"""
56,"""## Go - redis     - https://medium.com/@gilcrest_65433/basic-redis-examples-with-go-a3348a12878e - mux handler <-> http handler what's different  --- - (4/16) - update nav css  --- - (4/17) - html render     - static     - template     - setting static -> using link `style.css` -> `/style.css`     - ! go module upgrade fail     - blackfriday not match path          - `gopkg.in/russross` -> `github.com/russross`         - https://github.com/russross/blackfriday/issues/491     - path.Join(""app/index.html"") not found  --- - (4/18) - ! cannot access app directory in docker     - current directory is /src/app, and execute server using ../server.go       Then, if i want use app-folder directory is ./ or absolute directory - use struct in same directory other file     - `go run a.go b.go` or `go run *.go` or `go install`-run binary"""
57,"""## vim visual mode selection - `vnoremap // y:Ag <C-R>=fnameescape(@"")<CR><CR>`     - https://stackoverflow.com/questions/28011155/using-ack-vim-on-visual-selection """
58,"""## vim window size - `ctrl-w 10 +` window 10 line size up"""
59,"""## data structure [[redis]] - set vs hash vs strings in article - ? which type fit for index file -- hash? - true,false type -> bitmap 1.2M 10,000,000     - https://medium.com/garimoo/%EA%B0%9C%EB%B0%9C%EC%9E%90%EB%A5%BC-%EC%9C%84%ED%95%9C-%EB%A0%88%EB%94%94%EC%8A%A4-%ED%8A%9C%ED%86%A0%EB%A6%AC%EC%96%BC-02-f1029893e263 """
60,"""## aws - git -> terraform -> s3 -> lambda, dynamodb"""
61,"""## font broken - every font to square     - sudo fc-cache --force --verbose     - and reboot"""
62,"""## monitoring - docker up/total - lambda, ec2, s3, Dynamodb - GCP - homepage health"""
63,"""## note - sort     - updated     - todo"""
64,"""## aws api - Error: Error creating API Gateway Integration: BadRequestException: Invalid HTTP endpoint specified for URI     - `""""` delete - Error: Error creating API Gateway Method: ConflictException: Method already exists for this resource     - https://learn.hashicorp.com/terraform/aws/lambda-api-gateway - {""message"":""Missing Authentication Token""}     - need aws signature     - https://docs.aws.amazon.com/apigateway/latest/developerguide/how-to-use-postman-to-call-api.html"""
65,"""## AWS Dynamodb terraform - attribute need index - any key can write, if exist with attribute"""
66,"""## python in vim - `autocmd FileType python map <buffer> <F9> :w<CR>:exec '!python3' shellescape(@%, 1)<CR>`     - https://stackoverflow.com/questions/18948491/running-python-code-in-vim"""
67,"""## android mirroring app - scrcpy     - `--bit-rate 2M --max-size 800` bitrate down     - `-S` turn screen off     - https://github.com/Genymobile/scrcpy - kde connect     - `ufw allow 1714:1764/udp`     - `ufw allow 1714:1764/tcp` """
68,"""## terraform - change backend bucket, need delete `.terraform` dir, and `terraform init`"""
69,"""## jupyter notebook - install not working     - `pip3 install jupyter` -> jupyter notebook not working     - `sudo apt-get install jupyter-notebook` done - ! tensorflow numpy version     - pip install ""nump<<1.17""     - https://github.com/tensorflow/tensorflow/issues/30427"""
70,"""## linux keyboard delay - `xset r rate 200 30`     - https://wiki.archlinux.org/index.php/Xorg/Keyboard_configuration#Adjusting_typematic_delay_and_rate"""
71,"""## linux wifi hard blocked after suspend(lid off) - `/etc/default/grub`     - `GRUB_CMDLINE_LINUX_DEFAULT=""acpi_osi=! acpi_osi='Windows 2009' quiet splash""` - `sudo grub-mkconfig -o /boot/grub/grub.cfg` - grub-mkconfig -o /boot/grub/grub.cfg - https://www.reddit.com/r/MSILaptops/comments/8vk878/ubuntu_wifi_hardware_disabled_after_suspend/e2t1f67/"""
72,"""## terraform - use module. Different folders can use once.    ## 5/6 #### cloud - L/B free cloud     - nothing - GCP app engine 28/d free     - it can be scaling """
73,"""## ansible - how to prevent to try kubectl init twice - ! Failed to get information on remote file (./join-command): sudo: a password is required      - `become: false`"""
74,"""## kubernetes helm - cannot connect traefik dashboard in vagrant - ! Error: unknown flag: --service-account     - tiller was removed helm version 3"""
75,"""## kubernetes ingress - ! external-ip <pending> lock"""
76,"""## server infra - a small project is enough cloud free tier option - google app engine, lambda(serverless), Heroku - CDN, load balancer, network, and server size optimization - if more access comes,      - load balance to local?     - or more use cloud?"""
77,"""## zettelkasten - https://zettelkasten.de/posts/overview/"""
78,"""## reminder golang - tag, tagline matching - redis scan, keys, mget - rendering update"""
79,"""## reminder recommend python - Filtering method     - Demographic Filtering     - Content Based Filtering     - Collaborative Filtering - https://www.kaggle.com/ibtesama/getting-started-with-a-movie-recommendation-system - ? find visualization system about csv file for weight manage - upload lambda with pandas, scikit-learn     - https://medium.com/@korniichuk/lambda-with-pandas-fd81aa2ff25e"""
80,"""## terraform init - if storage exist. but occurred error bucket doesn't exist     - `terraform init -reconfigure`     - https://stackoverflow.com/questions/59053993/failed-to-get-existing-workspaces-querying-cloud-storage-failed-storage-bucke"""
81,"""## k3s - token `/var/lib/rancher/k3s/server/node-token` - join     - `curl -sfL http://get.k3s.io | K3S_URL=https://192.168.0.50:6443 \ K3S_TOKEN=join_token_we_copied_earlier sh -`"""
82,"""## github page - when md file upload, replace `[[link]]` tag to `<a>` tag - make parent property     - parent property is made by auto"""
83,"""## kubernetes - service account? - cluster role? - cluster? - node - daemon set?     - it makes every node to make pods     - example: every node can have logstash"""
84,"""## git sensitive files delete - https://stackoverflow.com/questions/872565/remove-sensitive-files-and-their-commits-from-git-history - it also deleted file..."""
85,"""## lambda python pandas parsing csv - https://stackoverflow.com/questions/39303912/tfidfvectorizer-in-scikit-learn-valueerror-np-nan-is-an-invalid-document """
86,"""## TODO: vimwiki index to json #### WD Passport Unlock in linux - https://github.com/0-duke/wdpassport-utils"""
87,"""## aws lambda sns not connected """
88,"""## Go wasm - mandarart content just write input directly - mandarart using navigation(menu) - and save dynamodb"""
89,"""## architecture - Need suggestion  - gcp app engine + lambda?"""
90,"""## static site generator - gatsby     - I was choice this     - it has graphql friendly - jekyll - nextjs"""
91,"""## speed - server side rendering - client side rendering - seo - speed with first access or second access - client side is good to second access(moving page to page) - server side is good to first access(find webpage, and access webpage) """
92,"""## manage git folder  1. environment 2. docker"""
93,"""## 필요할  물건 -   선크림 -   세제 -   이불 -   상비약 -   휴지 -   수저, 식기, 조리도구 -   섬유탈취제 -   섬유유연제 -   주방세제 -   책상 -   의자 -   전자레인지 -   가스렌지 -   Hanger -   Bowl -   Microwave -   Steamer -   Monitor -   Spoon, ceaser, chopstick -   Hair dryer -   Frypan -   calendar -   white board"""
94,"""## 주기적으로  채워줘야  하는  목록"""
95,"""## 거주지에  있으면  좋을  물건 - 손세정제 - 우산 - 선크림 - 비누 - 치약칫솔 - 유분 적은 핸드크림"""
96,"""## Cooking tool - wood chapstick - wood or stainless spatula - ikea ceaser - ladle - knife & doma - https://www.youtube.com/watch?v=b9-u3DLJqsc"""
97,"""## 블루투스  키보드 - h, y 키가  좀  다른  곳에  있다 - 근데  ㅗ는  원래  치던  위치라  익숙해지면  될  것  같다 - esc가  ctrl + [  로  되어야  한다 - 펑션키가  없는게  불편하다 - esc와  del가  딱  있으면  좋겠다"""
98,"""## 상용구 Email ctrl + j """
99,"""## TL;DR * **Individuals and interactions** over processes and tools * **Working software** over comprehensive documentation * **Customer collaboration** over contract negotiation * **Responding to change** over following a plan"""
100,"""## Easy way #### History #### Reference - https://www.agilealliance.org/agile101/the-agile-manifesto/  ----------------------------------------------------------------------- (535930475347590347509)"""
101,"""## History #### More - https://www.agilealliance.org/agile101/12-principles-behind-the-agile-manifesto/"""
102,"""## Reference - From [Robert C. Martin](https://web.archive.org/web/20150202200348/http://www.objectmentor.com/resources/articles/srp.pdf)  - https://en.wikipedia.org/wiki/SOLID ----------------------------------------------------------------------- """
103,"""## Meaningful naming #### python #### Basic - `-` vs `_` - `tab` vs `space`  ----------------------------------------------------------------------- """
104,"""## korean reference  - [https://chodragon9.github.io/blog/easy-code/](https://chodragon9.github.io/blog/easy-code/) """
105,"""## korea company  1. ridibooks     - 리디북스 포인트 사용 시 0 입력이 귀찮다  2. market curly """
106,"""## global 1. hasicorp 2. Onefootball     -   [https://onefootball.join.com/jobs/786585-backend-engineer-m-f-x?pid=ddb0f7f50cdf3fec0579&utm_source=xingBasicXml&utm_medium=free&utm_campaign=xing&utm_content=backend%2Bengineer%2Bm%2Bf%2Bx](https://onefootball.join.com/jobs/786585-backend-engineer-m-f-x?pid=ddb0f7f50cdf3fec0579&utm_source=xingBasicXml&utm_medium=free&utm_campaign=xing&utm_content=backend%2Bengineer%2Bm%2Bf%2Bx) 3. Tourlane 4. recare 5. Relocately 6. Adjust 7. Lateral     -   [https://berlinstartupjobs.com/engineering/junior-back-end-developer-lateral-gmbh/](https://berlinstartupjobs.com/engineering/junior-back-end-developer-lateral-gmbh/) """
107,"""## 컴퓨터가 주어진 검색결과를 찾을 때 인덱스가 효과적인 이유는?    인덱스를 어떻게 하면 효과적인지 조사    Cpu 레지스터에 검색할 시 load 200을 실행하면 200번 메모리에 바로 접근 가능하다   즉 메모리 주소를 알려주면 앞에서 훑을 필요없이 바로 주소 접근이 가능하다    근데 실제로 동작할 때 200을 찾을 때 1에서부터 찾아가지 않는게 정말 맞는가?    200을 알려주면 200을 어떻게 찾는가?    Mbr mar이 메모리 주소를 가르키고 거기에 있는 것을 가져오게 해준다    Mar이 메모리 주소를 받아서 메모리에 그 주소를 찾고 메모리 안에 있는 값을 mbr에 저장하는데   메모리에서 주소를 찾을 때 단번에 그 번호를 찾는게 어떻게 이루어지는거지?    집주소를 찾을 때 예를들어 충남천안시 서북구라고 치면   충남이 어딧는지를 알고 있어야 충남하면 어딘지 바로 알 수 있지만 외국인이라면 충남이 어디있는지 먼저 찾아봐야 한다   구글지도가 없다면 대한민국 안에서 충남이 어디있는지 위에서부터 찾든 쭉 살펴봐야 할 것이다   Mar은 이미 메모리가 어디부터 어디까지 있는지를 부팅하면 알고 있는 것인가?    예를 들어   a = [0,1,2,3,4,5,6,7,8,9]   num = a[4]   일 때   컴퓨터가 a의 4번째 요소에 접근 할 때 O(1)이라고 하는데   컴퓨터가 동작할 때 어떻게 동작하는 것인가   Mar에서 메모리에 접근할 때 주소를 갖고 있다고 해도 그 위치를 어떻게 바로 찾을 수 있는 것인가?   실제로는 앞에서부터 찾는게 아닌가?    일단 O(1)이라고 무조건 한번에 해결되는 것은 아니고 상수시간조건 안에 해결된다는 의미이다    """
108,"""## Type - 내가 좋아하는 것     - 하나를 교체하려고 할때 다른 것에 영향이 없는 것 (범용적인 것)     - 유선 키보드보다 블루투스 키보드가 더 영향이 적다 하드웨어의 영향을 안받기 때문에 - 예외사항     - 추가 요구사항: 기능이 빠릿빠릿하고 강력한 것     - 일렉트론은 범용적이지만 느리고 리소스를 많이 잡아먹어서 별로다"""
109,"""## Food - 주변음식점 중 한곳 - 장르 하나 랜덤으로 추천"""
110,"""## ipad  - unfortunate   - own terminal   - external display - strength   - display   - noise"""
111,"""## OS - windows   - Unknown background app a lot   - there is not support program (ansible, docker)   - no freindly developer - Linux   - Can find trace anything   - video, touchpad, scrolling, external hdd problem   - no friendly user   - Need configure and find app for each - Mac   - Docker not originality. Running on docker toolkit   - not universal   - no friendly the other side   - awesome output   - awesome gui - what is better?   - Linux only?   - Windows wsl + vagrant?"""
112,"""## Notebook - Gram 17   - big screen   - light weight - Thinkpad   - good keyboard   - anti-glare panel - Macbook - Motile 14""   - lightweight   - cheap   - upgradable  > thinkpad has hdmi port, usb a port, but macbook hasn't  | Notebook | Hardware | weight | price | screen | panel | upgradeable | Total | | -------- | -------- | ------ | ----- | ------ | ----- | ----------- | ----- | | Thinkpad | 1        | 1      | 2     | 2      | 1     | 2           |       | | Gram     | 4        | 1      | 2     | 1      | 3     | 3           |       | | Mackbook | 1        | 4      | 2     | 2      | 2     | 3           |       | | Motile   | 3        | 3      | 1     | 2      | 3     | 1           |       |  노트북을  바꿔야된다면  13인치로  아이패드프로 (마우스...)  또는  서피스프로(type c 충전이  되면)  15 vs 13  논글레어  패널  IPS  패널  고해상도  노트북을  살지  태블릿을  살지  -   프로그램을  돌리기에는  노트북이  압승 -   가볍게 들고다니기는 태블릿이  압승  13 맥북  사용자는 15로  가고싶어한다  어차피  가방에  넣으면 13 무게와 15 무게가  큰  차이가  안느껴진다고  한다  노트북 15  맥북 16  서피스 13  태블릿을  원활한  환경에서  사용하려면 1kg  노트북과  비슷해진다 (거치대,키보드)"""
113,"""## compare streaming site  |              | price | movie | drama | football | | ------------ | ----- | ----- | ----- | -------- | | Netflix      |       |       |       |          | | Hulu         |       |       |       |          | | Amazon Prime |       |       |       |          | | Disney       |       |       |       |          | |              |       |       |       |          |  - Netflix - Amazon prime - Watcha - Hulu - Disney  - football stream service (EPL, Champions League)   - nbc   - espn   - sky sports   - bein  > disney + espn + hulu is well. > I just try trial > streaming service, football, movie, drama series, documentary > EPL, Laliga, bundesleague, friends, silicon valley, matrix, old japanese movie  """
114,"""## 가방 Usb 단자  여행용  -   방수 -   노트북  부분 -   가로로  열리는  방식  손잡이  가방끈  가방끈  주머니  등받이  등판  주머니  자체  무게  """
115,"""## 충전 무선충전   고속충전   usb c   갤럭시워치 세워지는 단독 무선충전기를 사느냐   보조배터리와 무선충전기 같이 되있는 것을 사느냐  무선충전   원형케이블   멀티충전케이블   미니케이블   일자형케이블    고속충전케이블 """
116,"""## Font - [What are those system fonts?](https://css-tricks.com/snippets/css/system-font-stack/)"""
117,"""## Reference - https://csslayout.io/patterns/ - https://medium.com/guleum/%EB%94%94%EC%9E%90%EC%9D%B8-%EC%8B%9C%EC%8A%A4%ED%85%9C%EC%9D%84-%EA%B5%AC%EC%84%B1%ED%95%98%EB%8A%94-%EB%B0%A9%EB%B2%95-beefa8214884 - https://brunch.co.kr/@shaun/40?utm_source=gaerae.com&utm_campaign=%EA%B0%9C%EB%B0%9C%EC%9E%90%EC%8A%A4%EB%9F%BD%EB%8B%A4&utm_medium=social """
118,"""## default app - Chrome - Potplayer - Remote controller - Putty - OpenVPN - 오토핫키  시작  시  실행하도록  설정 - Vscode 설정 - chrome, torrent 경로  설정 - ditto - gesturesign"""
119,"""## WSL 1. windows  에  wsl  설치  후 2. vscode  설치  후  빌드환경  셋업 3. 윈도우  업데이트 (빌드번호 18xxx 이상) 4. 설정->업데이트  및  복구에서  개발자모드로  변경  5. 윈도우  기능에서  [서브  터미널  사용]  체크, [가상화  사용]  체크 7. 터미널에서  명령어  입력(아마도  위에  체크하는  부분과  동일한  듯)     - `Enable-WindowsOptionalFeature -Online -FeatureName Microsoft-Windows-Subsystem-Linux`     - `Enable-windowsOptionalFeature -Online -FeatureName VirtualMachinePlatform` 8. store에서  우분투  설치     - or in terminal (ubuntu 1804) `Invoke-WebRequeset -Uri https://aka.ms/wsl-ubuntu-1804 -OutFile ~/Ubuntu1804.zip -UseBasicParsing`     - or in terminal (ubuntu 1604) `Invoke-WebRequest -Uri https://aka.ms/wsl-ubuntu-1604 -OutFile Ubuntu.appx -UseBasicParsing`     - `Add-AppxPackage .\Ubuntu.appx`     - `Expand-Archive ~/Ubuntu.zip C:\Distros\Ubuntu` 9. 확인     - wsl -l -v  > 원래  wsl이  설치되고 2로  업그레이드  시켜줘야  하는데 win10 home이라서  그런지  최신버전으로  업데이트해서  그런지 2로  바로  적용됨"""
120,"""## ssh - `sudo apt remove -y openssh-server` - `sudo apt-get install -y openssh-server` - `sudo su` - Port 수정     - #PasswordAuthentication yes - `sudo service ssh --full-restart`"""
121,"""## ! docker 실행  안될  시  hypervisor  끄기 - `bcdedit /set hypervisorlaunchtype off` - 파워셀에서  명령어를  실행해야  하고  관리자  모드여야  한다"""
122,"""## ! Docker wsl <-> window  통신  하려면  추가  필요 ``` export DOCKER_HOST=tcp://192.168.99.100:2376 export DOCKER_TLS_VERIFY=1 export DOCKER_CERT_PATH=""/mnt/c/Users/shdke/.docker/machine/machines/default"" export DOCKER_MACHINE_NAME=""default"" export COMPOSE_CONVERT_WINDOWS_PATHS=""true"" ``` windows NT  쓸까"""
123,"""## VSCODE - `ctrl + shift + p`     - terminal: select default shell -> wsl - 좌패널  토글 - vscode extension     - setting sync     - import cost     - prettier - IDE     - 디버깅용     - git 관리     - 소스  편하게  보기 - `Tasks.json`, `Settings.json` 으로  폴더별  셋팅  가능 """
124,"""## Tip - 마늘 반 잘라서 전자렌지 20초 - 대파 손질해놓으면 사용하기 좋다 - 생선구울때 신문지를 덮고 뚜껑을 덮으면 기름이 뚜껑에 안묻어 좋음 """
125,"""## Philosophy - https://docs.python.org/3/library/functions.html - 패키지는 하나의 목적만을 달성합니다 - 에러는 명시적으로 처리합니다 - 빨리 반환하고 깊은 들여쓰기를 피합니다 - 동시성은 호출자에게 맡깁니다 - 고루틴 시작 전, 언제 멈출지 알아야 합니다 - 패키지 레벨 상태를 사용하지 않습니다 - 단순함은 중요합니다 - 패키지 API의 동작을 고정하기 위한 테스트를 작성합니다 - 느리다고 생각된다면, 벤치마크하여 이를 증명합니다 - 중용은 미덕입니다 - 유지보수성은 가치있습니다"""
126,"""## Auto Rebuild - [gin](https://github.com/codegangsta/gin) """
127,"""## ""이통기국은 이상이 현실 속에 존재함을 의미한다.  현실이 어떤 모습을 갖추느냐에 따라 이상이 온전히 실현되기도 하고 전혀 실현되지 않기도 한다.  컵의 모양에 따라 물의 모양이 달라지는 것과 같다.  따라서 중요한 것은 현실을 변화시켜 이상이 온전하게 드러나도록 하는 것이다."" http://naver.me/IgqjJ3Xc"""
128,"""## 개인의 입장에서는 투자 수익률보다는 순자산 증가라는 관점에서 투자에 접근할 필요가 있다.  20% 정도 손실이 났다고 주식 시장을 저주할 필요도 없고, 20% 정도 수익이 생겼다고 인생이 역전되지도 않으니까. https://141.nacyot.com/posts/category/investment/"""
129,"""## 20세기 이전은 천재가 시대를 바꿨다면 이후는 통합의 시대가 될 것이다 #### 좋음은 느껴지지만 왜 좋은지 얘기하기 힘든경우가 있는데, 왜 좋은지 얘기해주는 것이 평론 #### 레포트 작성 시 (1)자료조사, (2)기존제품과 비교"""
130,"""## 도덕적 개인주의는 무엇이 ‘좋은 삶’인지에 대한 끊임없는 성찰, 그리고 ‘자기가 옳다고 믿는바’를 대중의 판단으로부터 독립시켜 사고할 수 있는 자율성을 요구한다.  소크라테스가 자신을 ‘탁월한’ 사람이라고 표현한 바 없듯이, ‘진정한 정치적 기술’을 아는 사람이 꼭 탁월한 ‘소수’일 필요는 없다. 반면 진정한 정치적 기술을 아는 사람들은 누구나 좋은 삶을 끊임없이 추구할 것과, 대중들의 판단에 스스로를 내맡기기보다 자기가 믿는 바를 지속적으로 견지할 것을 요구받는다. 그리고 만약 ‘진정한 진리’(psychagogia)를 조금이라도 맛보았다면, 다른 사람들을 ‘좋은 삶’(eu zen)에 대한 고민으로 이끌어 올 것을 요구받는다. 한 마디로 말하자면, ‘모든 것을 의심해보는 것’과 ‘스스로에 대한 확신’이 끊임없이 진리를 추구해야한다는 정치철학적 전제를 통해 수렴되는 것이다. https://terms.naver.com/entry.nhn?docId=1928653&cid=51609&categoryId=51609&expCategoryId=51609"""
131,"""## About write to a paper “백성들이 이걸 배우면 그들의 영혼에 망각이 자리 잡을 것입니다. 백성들은 기억의 단련을 그만둘 것이고, 그럼 기억을 잃을 겁니다. 당신이 발명한 것은 기억이 아니라 망각을 위한 수단일 뿐입니다” -플라톤 [대화] 중에서- https://www.clien.net/service/board/use/14886286?od=T31&po=7&category=&groupCd=allreview"""
132,"""## 단편적인 사실들만 알고있는 것은 아무런 힘을 발휘하지 못한다.  사실들을 엮어 의미와 해석을 가능케 해주는 것을 “멘탈 모델” 이라고 하며, 이는 다양한 학문에서 유래하기도 하고, 살면서 자연스레 체득되기도 한다. 다양한 멘탈 모델들, 특히 모든 분야에 강력한 힘을 발휘하는 “슈퍼 모델” 들을 많이 익히면 “슈퍼 씽킹” 을 할 수 있다. http://jaynewho.com/post/41"""
133,"""## 과학자들의 발견은 대개 은유적 착상으로부터 시작된다.  이후 그것을 명시적으로 규명하는 과정이 따른다. 새로운 문제에 대한 해결 알고리즘을 만드는 과정도 비슷하다. 먼저 영감이 오고 체계적 절차와 관계를 표현하는 일이 따른다. 어떤 문제를 해결하는 알고리즘 하나를 배우는 것은 직접적이다. 그것으로부터 기시감을 느껴 다른 문제 해결에 사용하는 것은 은유적이다. 은유적 능력은 고통스런 기초 확립의 시간과 시행착오의 축적이 만드는 기시감의 밭으로부터 나온다. 전공과 다른 영역의 독서도 은유적 상상력을 자극하는 토양이 된다. https://news.joins.com/article/23727093"""
134,"""## 인간이 이 세상에서 귀하다고 하는 것은 정성 때문이니, 전혀 속임이 있어서는 안 된다. 하늘을 속이면 제일 나쁜 일이고, 임금이나 어버이를 속에거나 농부가 같은 농부를 속이고 상인이 동업자를 속이면 모두 죄를 짓게 되는 것이다. 단 한 가지 속일 수 있는 일이 있다면 그건 자기의 입과 입술이다. 아무리 맛없는 음식도 맛있게 생각하여 입과 입술을 속여서 잠깐 동안만 지내고 보면 배고픔은 가셔서 주림을 면할 수 있을 것이니, 이러해야하만 가난을 이기는 방법이 된다. """
135,"""## 우리는 중국측에 코로나로 인해 세계에 끼친 경제적인 손실에 대해 보상할것인가에 대해 문의했고, 베를린에 있는 중국대사관으로부터 답장을 받았다. 중국대사관은 우리한테 ""비열하다""고 했고, 우리가 내셔널리즘을 유발할 것이라고 했다. 그에 대해 나는 당신에게 할말이 있다. 1. 당신은 모든 국민들을 감시하고 있으며, 감시가 없었으면 당신은 대통령 지위를 유지할 수도 없었을 것이다. 2. 감시는 자유를 억압하며, 자유가 없으면 창의성도 없다. 창의성이 없으면 발명도 없다. 그래서 당신의 나라 젊은이들은 창의성이 없고, 남이 만든 것을 베끼기만 한다. 중국의 가장 큰 발명품은 코로나이다. 3. 당신들은 코로나가 사람간에 전염이 된다는 것을 분명 알고 있었음에도 불구하고, 그에 대한 서양연구자들의 질의에 답변하지 않았다. 당신은 세상을 어둡게 만들었다. 4. 워싱턴 포스트에 의하면 박쥐를 연구한 우한의 연구소는 안전을 위한 적절한 조치를 취하지 않았다고 한다. 왜 우한의 연구소는 당신의 정치범 수용소만큼 철저히 관리하지 않았나? 코로나로 희생된 사람들한테 왜 그랬는지 설명해달라. 5. 당신은 불투명한 국가, 감시국가를 만들었고, 치명적인 병을 만들었다. 이게 당신의 정치적 업적이다. 당신의 대사관은 내가 보낸 질문에 대해 이것은 우리의 우정에 어긋나는 행위라고 했다. 당신이 우리한테 마스크를 보낸게 그게 우정이라고 당신은 생각하는가? 나는 그것은 오히려 웃고있는 제국주의라고 생각한다. 당신은 당신네 나라에서 시작된 코로나로 중국을 강화하고 싶은가 본데, 나는 코로나가 당신의 정치생명을 끝낼 거라고 생각한다. """
136,"""## 목차  레벨로  나눈다  -   천재는  좋은  스승이  되기  힘들다 -   단계를  차근차근  밟아서  오른  사람이  좋은  스승이  될  수  있을  것  같다  한  아키텍처  별로  드롭박스 -> 블로그  블로그  글  쓰기  인박스 -> 분류 -> 리스트업 -> 작성  리스트업  된  것  중에  글을  쓴다  글을  쓰고  리스트업해도  상관없음  블로그  글은  리스트업으로도  볼  수  있으면  됨  목차  누르면  내용  펼쳐지고  왼쪽에  바로가기  만들어서  목차로  바로  돌아오거나  이전  동작으로  바로  돌아갈  수  있도록  구글  검색  시  찾는  항목이  나오도록  초급 - 중급 - 고급  으로  한  아키텍처라도  나눌  수  있음  이  글은  빈도수를  어떻게  설정해야  하나  블로그  글을  쓰려고  할  때  보면  되나  guide  로  카테고리를  만들어서  그곳에  정리할까  가이드는  작성을  편하기  위한  포장도로를  까는  것이고  꼭  지킬  필요는  없다  검색  엔진  최적화"""
137,"""## 블로그 글 아이디어  - 레벨별 기술 정리  - 개발 철학  - How to I analytic something  -   My choose experience  - 기술 히스토리 search and writing bloging  - Experience sharing  - erp 하면서 고려했던 것들, 겼었던 것들 정리    -   erp를 위한 서버구성 짜기  - 홈페이지  구성요소에  대한  글  블로그  첫글 (블로그 아키텍처)  - tdd를 어떻게 공부해나갈지도 기록해야겠다  - 메모리의 지역성. 위치별 속도 차이 부터 시작해서 캐시, 메모리, 리스트 속도로 비교  - 내 개발 기준  -   배우고 있는 것들  -   배운 기술들을 쉽게 풀어내기 (유용한 기술을 쉽게 풀어내기)      - 모나드 커링      """
138,"""## Writing technic  1.  의, 것  빼기 (적의것들) 2.  하고  있다, 할  수  있다  안  쓰기 3.  관한, 대한  안쓰기 (에 대해 대한) 4.  ~적, ~성  안쓰기 5.  쉬운글 6.  짧은문장 7.  결론먼저 8.  경험(정성적)으로 기억에 남게 할수있다 9.  있는 있어서 10.  수동 능동 11.  서론을  먼저  나눠  쓴다      - 서론에는  본문의  핵심내용을  미리  안내한다.      - 서론은  간단  명료하게  쓴다 12.  본문은  가독성이  중요하다    유머가  있어야  한다  비유로  설명하는  것은  좋은  방법  간결했으면  좋겠다  일관된  폼  -   가운데  정렬 -   맑은  고딕, 돋움 -   9p -   중요내용  글은  웬만하면  사진과  함께  사진안에  글자를  넣어서  읽기  좋고  보기  좋게  쓰는게  좋겠다  > 그림이  중요한게  아니라  내용이  중요하다  그런데  이미지가  같이  있으면  보기  수월하고  내용  전달도  쉬워진다.  -  (횡설수설  다이어리  참고)    목록  창에서  페이징과  자동  로딩기능  필요"""
139,"""## iptables  -   조건  -   --source(s) 출발지 IP주소 -   --destination(d) 도착지 IP주소 -   --protocol(p) 특정  프로토콜(tcp,udp) -   --In-interface(i) 입력  인터페이스 -   --out-interface(o) 출력  인터페이스 -   --state 연결  상태와  매칭 -   --string 애플리케이션  계층  데이터  바이트  순서와  매칭 -   --comment 주석 -   --syn(y) syn패킷  허용  여부 -   --table(t) 처리될  테이블 -   --jump(j) 규칙에  맞는  패킷을  어떻게  처리할지 -   --match(m) 특정  모듈과의  매치 -   -A 새  규칙  추가 -   -D 규칙  삭제 -   -C 패킷  테스트 -   -R 새  규칙으로  교체 -   -I 새  규칙  삽입 -   -L 규칙  출력 -   -F 규칙  모두  삭제 -   -N 새 chain 을  만든다 -   -X chain 삭제 -   -P 기본정책을  변경한다  -   ACCEPT 받는다 -   DROP 버린다 -   REJECT -   LOG -   RETURN  -   NEW 새로운  연결을  요청하는  패킷 -   ESTABLISHED 기존  패킷 -   RELATED 기존  연결이고  새로  연결  요청하는  패킷 -   INVALID 어디에도  속하지  않은  패킷"""
140,"""## 한국  시간  맞추기  Ln -sf /usr/share/zoneinfo/Asia/Seoul /etc/localtime"""
141,"""## security"""
142,"""## db  DB  Postgresql 설치  -   Yum install -y postgresql-server  기본  디렉터리  -   /var/lib/pgsql/data -   Or  /var/lib/postgresql/9.5/main/ -   Data 저장  위치로  좋은  곳 -> /etc/stgresql/9.5/main/data  시작  -   Postgres 계정으로  접속  후  진행 -   Initdb -   Pg_ctl start -   Psql  2대  연동  -   Wal 이라는  마스터서버의  로그를  만들어  스탠바이서버로  복사  후  스탠바이  서버에서  로그를  복원하는  방식으로  연동이  된다 -   Wal 방식으로 log-shipping 방식과 streaming 방식이  있다. -   Streaming  -   Master  -   Replication 전용  유저  생성  -   CREATE ROLE repluser WITH REPLICATION PASSWORD 'password' LOGIN;  -   Pg_hba.conf 파일  편집(맨  밑에  추가)  -   Host replication repluser 허용할IP md5  -   Postgresql.conf 편집  -   Listen_addresses = '*' -   Wal_level = hot_standby -   Max_wal_senders = 2 wal 파일을  전송  할  수  있는  최대  서버  수 -   Wal_keep_segments = 32 마스터  서버  디렉토리에  보관할 wal 의  갯수  -   Standby  -   Sudo -u postgres /usr/pgsql-9.5/bin/pg_basebackup -h MASTER IP -D /var/lib/pgsql-9.5/data -U repluser -v -P --xlog-method=stream -   Postgresql.conf 편집  -   Listen_addresses = '*' -   Hot_standby = on  -   Recovery.conf 생성  -   Standby_mode = on -   Primary_conninfo = 'host=MASTER IP port=5432 user=repluser password=passwrd'  설치  [https://www.lesstif.com/pages/viewpage.action?pageId=31850584](https://www.lesstif.com/pages/viewpage.action?pageId=31850584)  클러스터링  [http://egloos.zum.com/histLinux/v/1227710](http://egloos.zum.com/histLinux/v/1227710)"""
143,"""## DNS  Name server 유형  -   Primary : 주  네임서버 -   Secondary : 백업  서버 -   Cache only server : 지사용  설치  -   Yum install -y bind*  셋팅  -   /etc/named.conf  -   Option  -   Allow-query  -   Zone  -   Zone 에  도메인  이름  입력 -   Type  -   Hint 루트  네임서버 -   Master 1차  네임서버 -   Slave 2차  네임서버  -   File 구체적인 dns 정보가  담긴 /var/named/domain.zone 파일의  위치를  넣는다. -   마스터 - Allow-transfer {슬레이브  주소;}; -   슬레이브 - masters {마스터  주소;};  -   /var/named/domain.zone  -   레코드  -   SOA : zone파일의  시작. 도메인명을  적고  점을  꼭  찍는다. 도메인명과  관리자  이메일을  옆에  적는다. 네임서버가  인증  된  자료를  갖고  있음을  의미한다. -   NS : 해당  도메인에  대한  네임서버를  나타낸다 ? -   A : 도메인에 IP를  부여한다. -   CNAME : 도메인에  대한  또  다른  이름이  가능하도록  한다. -   MX : 메일  라우팅  경로  조정 -   PTR : ip 주소에  대해  도메인명을  매핑 (역방향)  -   설정  참고  -   /etc/host.conf  -   Dns 주소값  찾을  때  어떤 dns를  참조할지  정해놓는  파일 -   /etc/hosts 등을  먼저  찾게  할  수  있다  -   /etc/resolv.conf  -   호스트가  사용하려는  네임서버를  지정하는  파일     Ssh 명  줄여놓은  파일  찾기  : /etc/hosts  절대주소,상대주소    상대방  네트워크  찾아가는  순서  1.  /Etc/hosts 2.  Cached dns data (방문했던  적  있는  곳인지) 3.  Dns server query  [www.naver.com](http://www.naver.com) query  10.0.2.200 -> 10.0.2.53:53 query -> root dns server query(힌트  정보만  알려준다)  ->  .com dns server ip  ->.com dns server query  -> .com dns server answer  Naver.com dns server ip  -> naver.com dns server  -> naver.com dns server  [www.naver.com](http://www.naver.com) ip  -> to 10.0.2.200  [www.naver.com](http://www.naver.com) ip  Browser -> ip address call"""
144,"""## storage  기본  파티션  분할  -   /boot : 부팅  파일들  저장. 첫번째  파티션으로. 부팅  빨라짐. 100~500MB -   / -   /tmp : 웹파일들  저장됨. 보안문제로  분할  필요 -   Swap : 가상메모리로  사용되는  부분 . 사용자의  메모리의 2배  정도로  설정  LVM  -   논리  볼륨  매니저 -   기존  파티션으로  분할  해  놓으면  용량  부족이나  증설  시  복잡한데  이를  이용하면  바로  구현할  수  있다.  설정  -   /boot 만 100MB로  분리  후  나머지 LVM 으로  만든  후 LVM에서 /(루트), /home, /tmp 로  나눈다. -   fdisk /dev/sda  -   디스크  분할  nfs 설정  -   /etc/exports 접속  허용할 PC 설정  -   /공유폴더  허용IP(옵션) 허용IP(옵션) (복수  가능) -   옵션  -   R w 읽기  쓰기 -   No-root-squash 루트  자격으로  접근  가능하도록  마운트 -   Root-squash 루트  자격으로  접근해도  유저로  접근 -   Noaccess 디렉토리  접근  못하게  한다 -   No_all_squash root를  제외하고  서버와  클라이언트의  사용자들을  하나의  권한을  가지도록  설정한다.  -   Storage에서  포트  열어주고 web 등에서  마운트  시킨다  -   Mount -t nfs storage IP:/디렉토리 /마운트  할  디렉토리  Storage 2대 연동? vs Storage 확장?  Nfs 대신 glusterfs 를  쓰면  좋겠다  백업  -   백업  폴더  생성 -   Backup.sh 파일  생성  -   #!/bin/bash  tar -옵션 /백업할디렉토리/백업파일명 /백업할  대상  tar -czpf /backup/backup.'date +%Y%m%d%H%M%S'.tgz  -   날짜  형식  쓰는  법  -   $(date +""%Y-%d-%m"")  //압축한다  Find /backup/ -type f -mtime +10 | sort | xargs rm -f  //10일  지난  파일  삭제  -   자동화  설정  -   Crontab 파일  안에  내용  입력  -   -l 현재  등록된  작업보기 -   -e 편집하기 -   Minute hour day month week(0=Sunday, 1=Monday)  -   Sqldump 후  백업  추가"""
145,"""## Virtual box Ubuntu  Hdd  추가  -   virtual box에서  추가 -   파티션  잡아주기  fdisk -l  sudo fdisk /dev/sdb  n  엔터  엔터  w  -   포맷  sudo mkfs.ext4 /dev/sdb1  -   마운트  sudo mkdir /exthdd  sudo mount -t ext4 /dev/sdb1 /exthdd  -   부팅  할  때  자동으로  마운트  ls -l /dev/disk/by-uuid > uuidtxt  uuid  내용을  /etc/fstab  에  저장  reboot  -   확인  df -h  -   계정을  위한  폴더  생성  chmod chown"""
146,"""## virtual box ubuntu hdd 용량  확장  -   diskpart로  vhd  용량  확장 -   gpartition iso 설치 -   gpartition으로  vhd  저장공간  설정 -   lvm 으로  잡혀있다면  lvm  확장  -   lvextend /dev/mapper/ubuntu--vg-root -l +2048 -   resize2fs /dev/mapper/ubuntu--vg-root  -   df -h 로  확인"""
147,"""## How to expand VirtualBox's Virtual Hard Disk - N_CODER  [https://pradeepgali.blogspot.com/2014/01/how-to-expand-virtualboxs-virtual-hard.html](https://pradeepgali.blogspot.com/2014/01/how-to-expand-virtualboxs-virtual-hard.html)"""
148,"""## repo daum  [base]  name=CentOS-$releasever - Base  baseurl=http://ftp.daum.net/centos/$releasever/os/$basearch/  gpgcheck=0  [updates]  name=CentOS-$releasever - Updates  baseurl=http://ftp.daum.net/centos/$releasever/updates/$basearch/  gpgcheck=0  [extras]  name=CentOS-$releasever - Extras  baseurl=http://ftp.daum.net/centos/$releasever/extras/$basearch/  gpgcheck=0  출처: <[http://blog.daum.net/_blog/hdn/ArticleContentsView.do?blogid=0OAX9&articleno=265&looping=0&longOpen=](http://blog.daum.net/_blog/hdn/ArticleContentsView.do?blogid=0OAX9&articleno=265&looping=0&longOpen=)>  """
149,"""## 퍼미션  그대로  갖고  가는  명령어에  대해."""
150,"""## DNS  Vi /etc/named.conf  <<<<  -   11 : 10.0.2.53; 추가 -   17: Allow-query : any; 추가 -   36 : name;[임의의  이름] 37 : type master; 38 : name.zone [임의의  이름.zonei]  Service named start && chkconfig named on  Cd /var/named  Cp named.localhost [임의의  이름].zone -a  Service named restart  Vi sana.twice.zone  <<<  접속  후  IN SOA 도메인 ; 주소 < 수정  맨  밑에  Ns  a 10.0.2.53  Www  A 10.0.2.xx << 접속  할  주소  입력  tt  A 10.0.2.xx  $TTL 86400  @ IN SOA ns.abc.net. root.abc.net. (  2007031500 ; 시리얼값 (년월일시간)으로 대부분 설정합니다.  3H ; 2차 네임서버가 1차 네임서버에 접속하는 시간  15M ; 접속 실패시 다시 시작할 시간 간격  1W ; 1차 네임서버에 데이터가 없다면 1주 이후에 지워진다.  1D ) ; 위에서 설정한 TTL값과 같은 의미  ;  IN NS ns.abc.net. ; 도메인을 소유한 DNS의 도메인  IN MX 10 mail.abc.net. ; 메일을 보낼 도메인 또는 주소  IN A 123.123.123.123 ; 도메인이 찾아갈 IP주소  www IN A 123.123.123.123 ; [www.abc.net](http://www.abc.net) 도메인이 찾아갈 IP주소  mail IN A 123.123.123.123  * IN A 123.123.123.123 ; 모든 서브 도메인이 찾아갈 서버 IP  출처: <[http://jobdahan.net/server_linux/895790](http://jobdahan.net/server_linux/895790)>"""
151,"""## [WEB]  Yum -y install httpd -q  Vi /etc/httpd/httpd.conf  - 44    ServerTokens Prod    136  Service httpd start  Echo ""TEST PAGE"" > /val/www/html/index.html  [DB]  Yum install -y -q mysql mysql-server  Service mysqld start  Mysql -uroot -p mysql  비밀번호  설정  해줘야  된다  Update user set password=password('1234') where user='root';"""
152,"""## [NMS]  Rpm -ivh [http://repo.zabbix.com/zabbix/2.4/rhel/6/x86_64/zabbix-release-2.4-1.el6.noarch.rpm](http://repo.zabbix.com/zabbix/2.4/rhel/6/x86_64/zabbix-release-2.4-1.el6.noarch.rpm)  Yum install -y -q zabbix-get zabbix-sender zabbix-agent zabbix-server-mysql zabbix-web-mysql  [DB]  Mysql -uroot -p mysql  Create database zabbix;  Grant all privileges on zabbix.* to zabbix@'10.0.2.81' identified by '1234' with grant option;  권한  모든  권한  zabbix.*인  db에  zabbix@'10.0.2.81'인  유저가 '1234'비밀번호를  가지게  생성된다.  Flush privilesges;  Mysql_secure_installation  -- No Yes Yes Yes Yes Yes  [NMS]  Cd /etc/zabbix/  Zabbix 설정  시작  Vi zabbix_server.conf  ===========================  Source IP =10.0.2.81  DBHost  > DBHost=10.0.2.36  DBPassword > DBPassword=1234  ===========================  Cd /usr/share/doc/zabbix-server-mysql-2.4.8/create/  Yum -y -q mysql  Mysql -uzabbix -p zabbix -h10.0.2.36 < ./schema.sql  Mysql -uzabbix -p zabbix -h10.0.2.36 < ./images.sql  Mysql -uzabbix -p zabbix -h10.0.2.36 < ./data.sql  Service zabbix-server start&& chkconfig zabbix-server on  Vi /etc/zabbix/zabbix_agentd.conf  ========================  SourceIP=10.0.2.81  Passive checks > Server=10.0.2.81  Active checks > ServerActive < # 추가  Active checks > Hostname < # 추가  ========================  Service zabbix-agent start  Chkconfig zabbix-agent on  [client]  주소창에 10.0.2.81/zabbix 접속  [nms]  Vi +946 /etc/php.ini  --- timezone 주석  풀고  Asia/Seoul  Zabbix 실행  확인  [web]  Yum install -y -q tomcat6  Yum install -y -q java-1.8.0-openjdk  Cd /etc/tomcat6/"""
153,"""## [storage]  설정  - 저장소 - 컨트롤러: SATA -> 디스크  추가  10G  생성  Fdisk /dev/sdb  N p 1 엔터  엔터  w <-- Sdb 가  나눠짐  Mkfs.ext4 /dev/sdb1  < --  포맷"""
154,"""## Nameserver  Named.conf  리슨포트에  내  아이피  추가  - listne-on port 53{127.0.0.1; }  에  추가   allow-query < 접근  할  수  있는  사람  지정 - any;  Zone ""2차도메인"" IN{  Type hint ->master  File ""2차도메인.zone"";  이제  2차도메인.zone  파일을  만든다  Named 폴더로  가서  Named.localhost를  복사해서  쓴다  Cp - a named.localhost 2차도메인.zone"""
155,"""## 디스크  설정  기본  설정에서  하드  추가  설치  시  디스크  설정에서  Create Custom Layout  Create - standard - /boot -  Sda만  선택  다시  Create  또  create - LVM Physical Volume -  전체  할당(Fill to maximum allowable size) - sdb만  Create - LVM Volume Group - 완료"""
156,"""## Yum -y quota  Vi /etc/fstab  /home Defaults 뒤에usrjquota=aquota.user,grpjquota=aquota.  group,jqfmt=vfsv1  Mount -o remount /home  Quotacheck -cugmv /home  Quotaon /home  Repquota /home  Fdisk /dev/sdc  N 새  설정  P 프라이머리  1  파티션 1  T  타입  8e  LVM  으로  설정  W  저장  Pvcreate /dev/sdc1 피지컬볼륨  생성  볼륨  그룹  Vgcreate 볼륨명 /dev/sdc1 ~~ 볼륨그룹  생성  Vgdisplay 볼륨그룹  확인  로컬  볼륨  LV ( 논리  볼륨 )  Lvcreate  -l (개수로  설정) -L (크기로  설정) -n (이름) 명령옵션  Lvcreate -l 11517 -n 로컬볼륨이름  볼륨그룹  이름  Mkdir /volume  Mkfs.ext4 /dev/볼륨그룹/로컬볼륨  Mount /dev/볼륨그룹/로컬볼륨 /volume"""
157,"""## 서버[리눅스-윈도우]  윈도우에서  루트  도메인으로  등록  후  (itwll.local)  Repo 파일  수정  후  Yum install -y epel-release && yum install -y adcli sssd authconfig pam_krb5 samba4-common  Authconfig --enablekrb5 --krb5kdc=itwill.local --krb5adminserver=itwill.local --krb5realm=ITWILL.LOCAL --neablesssd --enablesssdauth --update  Adcli info itwill.local  Adcli join itwill.local  Vi /etc/sssd/sssd.conf  --------------------  [sssd]  domains = itwill.local  config_file_version = 2  services = nss, pam  [domain/itwill.local]  ad_domain = itwill.local  krb5_realm = ITWILL.LOCAL  realmd_tags = manages-system joined-with-samba  cache-credentials = True  id_provider = ad  krb5_store_password_if_offline = True  default_shell = /bin/bash  ldap_id_mapping = True  use_fully_qualified_names = False  fallback_homedir = /home/%d/%u  access_provider = ad  ----------------------------  트러스트  (포워딩  작업)  윈도우  각  도메인  서버에서  도구 - 도메인 - 조건부  전달자  -   상대편  DNS  서버  이름  (itwill.local) -   Ip 주소  입력  후  체크박스  체크  후  확인  Dns 서버로  정보가  들어올  때  내가  관리하지  않는  요청된  주소는  포워딩  시켜준다"""
158,"""## ﻿WSL REACT    docker compose volume 안되는 현상   ln -s /mnt/c /c   cp -R myproject /c/Users/myproject   permission deny   /etc/wsl.conf   `enabled = true \ options = 'metadata,umask=22,fmask=11'`   [https://github.com/docker/for-win/issues/2151](https://github.com/docker/for-win/issues/2151)   server nodemon error   Dockerfile에 막아뒀던 copy를 안풀었음3000 포트로 접속 안됨   vm에서 포트포워딩 해줘야 함   또는 docker ip로 접속 (192.168.99.100)   server로 접속 시 에러   버튼 누르면 동작   키워드   super  """
159,"""## for docker monitoring  chown nagios /var/run/docker.sock"""
160,"""## password  Nagios 비밀번호  변경  - Htpasswd -c /opt/nagios/etc/htpasswd.users nagiosadmin  - 콘솔로  비밀번호  입력     """
161,"""## REST API - Use HTTP GET, POST, PUT, DELETE - Use Response code to indicate status(200, 400, etc)  - HTTP - DNS - gateway - ip - ethernet  HTTP->HTML->WWW HTTP 1.0 GET, HEAD, POST HTTP 1.1 OPTIONS, GET, HEAD, POST, PUT, DELETE"""
162,"""## Basic  - 상속 vs 합성 - () {}  차이 - 변수를 프라이빗으로 하고 함수로 제어하는 것이변수를 직접 조종하는 것보다 나은 이유   - 변수에  특정한  속성을  넣어줘야  할  때  get  함수만  수정하면  변수  값을  쉽게  변경  할  수 있다"""
163,"""## docker haskell - docker-compose need start point - Dockerfile need build image - how to make easy build - haskell init spent too long time but docker not executable.."""
164,"""## markdown ``` # -, *, + > : ```  """
165,"""## javascript callback  콜백함수  -   함수의  호출  시점을  사용자가  아닌  프로그램으로(시스템에서) 결정하는  함수  클로저  -   자신을  호출한  함수  범위의  변수와  자신  내부의  지역변수를  모두  사용할  수  있는  상태  컨텍스트  -   global context, function context, eval context -   실행  컨텍스트  Promise  -   콜백함수를  깔끔하게  표현하는  방식 -   function().then().catch().then() 의  형식으로  사용한다 -   then()  안에서  then(function(){  },  function(){  })  로  작성  시  첫번째  function은  성공했을  시  실행되고, 두번째  function은  실패했을  시  실행되게  된다  -   fulfill, pending  등의  상태가  있으며, 상태에  따라  실행  가능해진다 -   promise  를  호출하려면  리턴이  promise 이거나  promise로  생성되어야  한다  에로우  표현법  -   =>  로  표현해서  function(){return}을  명시하지  않도록  해주는  표현법 -   예제  var x = (y) => y*y;  -   this 는  호출된  스코프에서  상속받는다"""
166,"""## Concurrency Parallelism #### 비동기  프로그램의  실행  원리  사용자가  입력을  주는  부분  A 반응  해야  하는  부분  B B는  A에다가  함수를  전달해놓고 A가  특정한  상황이  되면  B를  실행시키도록  하면 B는  루프를  돌면서  응답을  확인하지  않아도  A에  의해  실행  될  수  있다 (SetTimeOut  이나  while  루프를  돌  필요가  없다) 여기에  더해  중간에  메시지  큐를  이용하면 A와  B가  서로  연결되어  있지  않아도  메시지  큐에서  데이터를  받아서 응답을  할  수  있게  된다 A - 메시지  큐 - B 이렇게  되면  의존성도  떨어지고  속도가  빠른  메시지  큐로  인해  더  좋은  응답을 할  수  있게  된다"""
167,"""## C++ 50 계명 - 이것만은  기억하자.  일반  1. immutable / const 은 디폴트로 적극적으로 사용한다.  2. 다형성을 가진 기본 클래스는 소멸자를 반드시 가상 소멸자로 만든다.  3. 값을 그대로 매개변수로 넣지말고, 대개 상수객체 참조자로 전달한다.  4. 변수 정의를 상단에 몰아서 하지 않는다. 사용 되는 곳 근처에서~  5. 상속보다는 합성을 사용한다.  6. warning 을 보면 자기가 없앤다. 팀원들이 보지 않게 한다.  7. RAAI를 항상 인식하되, 표준에서 제공해주는 것으로 되는지 확인한다.  8. C++ 은 null 포인터를 삭제해도 문제가 없다. 다만 개발시 null assert 는 많으면 많을 수록 좋다.  9. C++을 사용한다면 Class 만드는 것을 겁내지 마라. 모든것을 클래스/객체로 만든다는 생각으로 코딩한다. C++ 에서 Class는 다양한 역할을 할 수 있다. 그런게 싫다면 자바,C++ 하지말고 C/Golang으로 가자. (38번참조)  10. auto/ override /nullptr / constexpr / move / forward / atomic 키워드를 사용한다.  11. namespaces를 적극적으로 사용하며, using 은 사용하지 않는다. std:: 를 직접 붙혀준다.  12. {} 중괄호 초기화를 적극적으로 이용한다. vector<int> vec(10,20); 과 vector<int> vec{10,20}; 의 차이를 구별한다.  initializer_list 에 대해 이해한다.  STL  13. STL을 신뢰하고 사용한다. (개인적으론 boost 도)  14. STL 컨테이너는 쓰레드 안전하지 않다고 각인하자. C++11에도 여전히 쓰레드 안전한 컨테이너는 없다.( [http://libcds.sourceforge.net/](http://libcds.sourceforge.net/) 이런 대체제가 있다. boost에도)  15. 많은 경우 동적으로 할당한 배열보다는 vector와 string이 낫다. (std::copy가 memcpy보다 느리지 않다)  16. 정렬이 필요 없는 맵은 C++11의 unordered_map 을 사용한다.  17. 요소를 정말로 제거하고자 한다면 remove 류의 알고리즘에는 꼭 erase를 붙여 사용하자  18. STL 알고리즘을 적극적으로 이용한다.  Smart Pointer  19. new / delete 를 직접하는 시대는 지났다.  20. unique_ptr 를 디폴트로 사용하자. unique_ptr로 충분하게 설계하자.  21. make_shared 로 초기화 하자.(deleter 넣어줘야 할 경우 제외)  22. shared_ptr 나 unique_ptr 사용시 raw pointer를 별개로 생성/소멸하지 말자.  23. 배열을 스마트 포인터로 만들었을 경우 반드시 custom deleter 를 생성자에 넣어주자.  24. shared_ptr 사용시 순환 참조가 되는지 확인하자. (weak_ptr로 해결)  25. std::move 로 스마트포인터를 이동시켜야 할 경우가 있을 때 조심 조심.  26. 위의 룰을 어겨야 할 경우가 발생시 팀원들에게 알린다.  Move vs Copy  27. 이제 move가 디폴트고 copy가 쵸이스다. 항상 연구하자. move를 사용 할 순 없는지..  28. std::move는 원본이 없어진다는 것을 의미한다. 원본이 필요 없으면 이동하자.  Type  29. 이왕 C++ 쓰는거 타입을 구체적으로 명시하고 타입에 안전한 코딩을 한다.  30. int8_t, int64_t, uint32_t 와 같은 구체적 표준타입을 사용한다.  31. std::memcpy, std::memmove, std::memset, std::memcmp, 대신해 std::copy, std::move, std::fill, and std::equal[1] 를 사용하자.타입안정적이며 성능도 더 느리지 않으며 더 나아질 여지도 있다.  예외  32. 예외/에러는 최대한 가까운 곳에서 처리한다.(참고: [예외 처리에 대한 6가지 화두](https://hamait.tistory.com/712))  33. 예외를 상위 전가 시키지 말고, 리턴 값으로 처리한다.  34. 모든 리턴 값은 에러처리로 사용한다.  35. std::optional 을 적극적으로 이용한다.  예외처리는 너무 다양한 시각이 존재하므로 팀 설계 철학에 따라 갑니다. 개인적으로는 c/golang 방식으로 최대란 리턴값으로 가까운 곳에서 처리하는게 나은거 같습니다. 아마 예외처리에 대해 전 팀원들이 충분히 숙지/약속되어 있는 상태라면 자바처럼 복잡한/강제적인 예외 시스템을 사용하는 것도 괜찮긴 합니다만..  성능  36. 섣부른 최적화는 만원의 악  37. 직접 메모리풀/쓰레드풀을 만드는 대신 대체제가 있는지 확인하다. 직접 만들어야 할 필요가 있을 경우 철저한 테스트가 필요하다.  38. 인라인을 항상 고려해 본다.  39. 아주 단순한 컨테이너/알고리즘인데 STL과 아주 큰 성능상 차이가 있으며, 그 성능이 해당 솔루션의 철학에 중요하다면 그때서야 자신의 컨테이너를 만든다.  40. 객체 생성 비용에 대한 문제가 생길 수 있다는 것만 기억하되, 최적화(BMT) 전에는 신경쓰지말아라.(9번참조)  디자인패턴/리팩토링  41. 메소드의 크기를 작게하는건 기본 중의 기본.  42. 클래스의 책임 범위를 최소화 하며, 외부에서 로직을 주입받아 사용한다.  43. 싱글턴 패턴은 가급적 사용하지 말자.  44. 적어도 어댑터,커맨드,전략,컴포지트,옵저버패턴은 대화가 통하게 알아두자.  동시성  45. thread 보다는 task, task 보다는 추상층 높은 아키텍터 선택(Actor, CSP)  46. 락 없는 동시성 개발을 지향한다.  47. Read/Write Lock을 선택한다.  48. 이미 존재하는 쓰레드 안전한 자료구조(컬렉션)를 사용한다.  49. 멀티쓰레드/비동기가 무조건 빠르다는 상식을 버린다.  예) [https://hamait.tistory.com/960](https://hamait.tistory.com/960)  [https://hamait.tistory.com/839](https://hamait.tistory.com/839)  50. 표준 병렬알고리즘을 검토한다.  출처:  [https://hamait.tistory.com/1043?category=76104](https://hamait.tistory.com/1043?category=76104) [HAMA 블로그]  출처: <[https://hamait.tistory.com/1043?category=76104](https://hamait.tistory.com/1043?category=76104)>"""
168,"""## 적어도 어댑터,커맨드,전략,컴포지트,옵저버패턴은 대화가 통하게 알아두자. - 어댑터패턴 두 클래스나 객체에서 맞지 않는 부분을 연결 시켜야 할 때 서로 호환되도록 할 때 사용한다 랩핑해주는것과 비슷한 것 같다 인터페이스 자체를 수정하지 않고 클래스를 추가하여 그 클래스를 사용하게 함으로써 기존의 코드를 그대로 사용할 수 있다 대신 코드는 좀 더 지저분해질 것이다 """
169,"""## 파이썬 self  - 인스턴스     - a = Test()     할  때  생기는  a - 네임스페이스     - 클래스  생성  시  파이썬  기본  함수  목록에  저장된다     이것이  네임스페이스     클래스  내부의  인자는  네임스페이스  안에  딕셔너리  형태로  저장됨     - 인스턴스  생성시에도  네임스페이스에  저장된다     - 확인 ``` dir() #['Test', '__builtins__', '__doc__', '__loader__', …] ```  - self 는  해당  객체의  인스턴스를  가르킨다 - 주소값이  들어간다고  보면  될  것  같다 ``` class Test():     def test():         print(""test1"")     def test2(self):         print(""test2"")     print(id(self))     Test.test()     a = Test()     print(a.test())     #self인자가  없다고  에러  발생     print(a.test2())     #test2     #test2의  주소값  출력     print(Test.test())     #a.test()와  달리  에러  발생  안함     #test1 ```"""
170,"""## 한글  사용 맨  위에 `#-*- coding:utf-8 -*-` 입력"""
171,"""## Built-in functions - https://docs.python.org/3/library/functions.html - abs max min pow sum round divmod - all any filter map sorted zip - enumerate range len - chr hex ord oct - id input isinstance open dir eval - str tuple type list int #### requests  ``` import requests data = {'id':'12','password':'12'} URL = 'url' res = requests.post(URL,data=data) ```"""
172,"""## string"""
173,"""## 파일  입출력 F = open('C:\test.txt') F.read() - 전체  입력 F.readline() - 한  줄만  입력 F.readlines() - 반환값이  리스트 .split()"""
174,"""## 정규식 import re .compile .sub(pattern,replace,string,count,flag) - 찾아바꾸기 .search .match .findall .group"""
175,"""## 비동기  프로그래밍 asyncio Get_event_loop()  -  asyncio 시작  Loop.run_until_complete() - 이벤트  루프  시작 그린  스레드  -   스케쥴링을  하드웨어가  아닌  애플리케이션  코드가  대신한다. -   Gevent 는  그린스레드 + eventlet 이다  비동기  프로그래밍 = non-blocking i/o ?  스테이지  서버"""
176,"""## 7년의  밤  인상적인 내용  -   아들의 시선으로 내용 시작 -   범죄자 아버지를  둔 아들의  입장을 보여주면서  범죄자 자식에 대해 어떻게 바라볼  것인지  생각해보도록  유도 -   개인의 과거행동에 후회가 담기면  인생의 불행이  됨을 표현 -   마지막 아버지는 아들이 과거에서 벗어나 미래를  향해 가기를 희망함 -   그것도 아들이  선택할  수  있도록 하는  것이  진짜  선택이라고  작가는 말함 -   모든  인물이  살아온  환경에  큰  영향을  받음. 실제 세상에도 그럴  것이고 -   미래를 바꾸는  것은 결국 개인의  선택  """
177,"""## 데이비드  차움  -   금융거래  암호화를  통해  개인의  프라이버시를  보호하려  시도 -   익명성  가진  결제수단의  부작용  인지. 조건을  제시  -   각  개인이  행한  결제에  대해  제  삼자는  알  수  없어야  한다 -   예외적  상황  하에서는  신원에  대한  자료를  제공할  수  있어야  한다 -   도난당한  것으로  보고된  결제  수단에  대해서는  사용을  중지할  수  있어야  한다"""
178,"""##  -   분산  대  탈중앙화  -   분산  여러가지  일을  나눠  처리  일을  나눠서  하므로  속도  상승, 고가용성  확보  지배  개체가  있음  -   탈중앙화  여러가지  일을  반복해서  처리  신뢰성  상승  모든  개체가  동등  -   하지만  실제  세계에서 개개인의 의견을  듣는다면  모든  사람의  의견이  모아질  수  없기  때문에  여러 사람들의  의견을  모아  말해주는  의원을  뽑는  간접  민주주의  형식이  나온  것  처럼  블록체인도  대표를  뽑을  수  밖에  없을  것  같다  -   그렇다면  대표를  뽑는  방법은? 한국  의회를  보면  의회의  힘이  너무  강하다     -   스웨덴의  국회의원을  뽑는  방식과  국회의원의  마음가짐을  확인해보자 -   디지털화의  효용  대  블록체인의  효용  구분해야  한다 -   블록체인의  오해 -   거래  비용  절감 (중앙  기관  없이  거래  가능하기  때문에) -   오히려  중개업자가  양산되어  수수료가  더  나오고  있는  실정이다 -   동일한  작업을  할  때  에너지가  더  소비된다 (중복  작업을  하기  때문에) -   데이터  활용 (위변조가  어렵기에  안전하고, 접근  권한  설정이  가능하다) -   대신  모든  데이터가  노출된  상태다(암호화  되어있더라도) -   사용성이  떨어진다 -   노드, 피어, 트랜잭션  블록체인은  신뢰가  존재하지  않는  네트워크에서도  신뢰할  수 있는  기록을  작성할  수  있는  방법을  연구하는  분야  - 사기가 일어나는  분야를  찾아보자   - 거래, """
179,"""## 하이퍼레저 패브릭  이더리움과 다른 프라이빗 블록체인  오더링시스템 하에서  네트워크를 설정하고 CA를  설정하여  시작하고  그룹을  생성한다  그룹간에는  컨소시움을  구성할  수  있고  컨소시움간에  채널을  만들어  통신이  가능하며  채널  내부에서  거래가  이루어진다  채널  안에서  장부  생성이  가능하며  피어라는  단일체를  만들어서  거래하게  된다  피어는  체인코드를  입력하고  검증하는  역할을  하게  된다  검증은  체인코드의  보증정책을  설정해서  따르게  한다  이제  클라이언트  어플리케이션에서  입력을  받아  체인코드를  통해  검증하고  이  검증된  내용은  오더링  서비스를  통해  블록을  만들어  각  피어에  접속된다. 그  후  보증정책을  통과하면  장부에  기록되고  채널에  블록연결되게  된다"""
180,"""## 부품  구매  연결  조립  모터  구동  확인  센서값을  받아와서  ESC에  값  전달  모터  구동  확인  비행  테스트  조종  테스트 - 라즈베리파이 <-> 휴대폰  직접  연결  가능 -> 통신  부분...  호버링  기능  안전  착륙  기능  GPS  위치  인식"""
181,"""## 제어  PID 제어 + 필터 > ESC  필터 - DMP, Complementary Filtering, Kalman Filtering  Kalman Filter 는  복잡성에  비해  정확도가  떨어진다고  한다.  PID  제어  주기  PWM  Update Rate  확인  Pwm 신호  출력  스마트폰  제어  Wire < I2C  라이브러리  기본적으로  모터들이  똑같은  입력을  받아도  출력값이  다를  수  있다  ESC  캘리브레이션  해줘야  되고  사용자의  입력값  Xu xd  Yl yr  Zu zd  센서의  출력값  AcX,AcY,AcZ  GyX,GyY,GyZ  I2C 교환  값  센서  값  초기화값  (센서  값들을  시간별로  더한  후  평균값을  구한다)  SumAcX  baseAcX  센서  계산값  Accel_x = AcX - baseAcX  Accel_xz,accel_yz  Accel_angle_y,accel_angle_x  Gyro_x  센서  보정값  -   1 필터 (칼만,DMP)  -   가속도+자이로  값  전달 (안정적으로)  -> 센서의  평균값을  구하고  필터  공식을  대입해  출력값  구한다.  -   2 PID  -   최종  출력값을  안정되게  보내주는  제어방법 -   K = 사용자가  임의의  값을  넣는  것  같다 (?) -   P : K * err  -> P= Kp * err -   I : K * err의  적분값 -> I+=Ki*err*dt -   D : K * err의  미분값 -> D=-Kd*(dInput/dt) -   P+I+D  값을  ESC에  보내준다. -   Err = Setpoint - input ( setpoint ? ) -   dErr = err - prevErr -> dInput = input - prevInput -   Roll,PitchmYaw  각각  PID  값을  구한다.  Roll  Pitch  Yaw  센서값  초기화 -> 센서  평균값  추출 -> 센서  계산값 -> 필터값  적용 -> PID  적용 -> 모터"""
182,"""## 부품  구매  드론  제작  시작  라즈베리파이로  똑똑한  드론  만들기  프로젝트  -----------  모터  변속기  가속도/자이로  센서  GPS 센서  프레임  전원  공급  배터리 ( 보조배터리 ) - ( 남는  배터리로  보조배터리  제작 )  라즈베리파이  공기계  휴대폰 ( 카메라  사용 )  조종용  휴대폰 - 앱  제작  필요  -----  우려되는  점  1.  라즈베리파이가  모터를  구동할  파워를  가질  수  있는가 2.  보조배터리로  전원공급이  가능할까  ------  구성  라즈베리파이 - MPU-6500 (칼만  필터,PID 제어)  ㄴ  변속기 - 모터  ㄴ  배터리  + 휴대폰  카메라 ( 그냥  장착 )  MPU-6500 으로  읽은  위치  값을  변속기에  출력값으로  넣어  컨트롤.  -------  호버링  기능  좌표위치  이동  휴대폰  카메라  연동  -------  모터  변속기  센서  프레임  구매  필요  라즈베리파이의  전력  사용  한계값  구하고  그에  맞는  모터와  변속기를  구매한다.  모터는  전체  드론  무게를  고려해서  구매한다.  450mm  급  드론  예상  900g  이내  휴대폰 150g  모터 25g  x 4  변속기  배터리  라즈베리파이&센서&배선 100g  이내  프레임  변속기 20A,6A,12A  모터  보다  허용 A 높은  걸로 (최소 5A 더)  A(전류)는  모터가  회전하는데  필요한  전류량  낮은 A로  도는  모터는  아마  힘이  약하겠지  모터  속도, 토크, 무게, 전압, 전류,  프로펠러  지름이  크면  속도를  높이거나  낮추기  어려워  좀  더  안정적이다.  배터리는  모터4개의  전류를  모두  공급  해줄수  있는  배터리여야  하는데  모터  변속기  배터리  프로펠러  센서  몸체  V  11  2/5  A  11  20  W  25  28  구상  중.. 킷도  괜찮겠다  싶다..  [http://daduino.co.kr/product/detail.html?product_no=1237&cate_no=78&display_group=1](http://daduino.co.kr/product/detail.html?product_no=1237&cate_no=78&display_group=1)"""
183,"""## motor reference  [http://blog.naver.com/79k3le5ze/10110646393](http://blog.naver.com/79k3le5ze/10110646393)  """
184,"""## GAN 진짜데이터를 기준으로 제네레이터가 진짜데이터와 비슷한 것을 계속 생성하고 검사자는 진짜데이터와 제네레이터 데이터를 비교해서 진짜를 찾는과정인데 제네레이터는 작업을 하면 할수록 진짜와 비슷한 작업물을 만들 수 있고 검사자는 더 잘 구분할 수 있게 된다 데이터가 충분치 않을 때 사용하면 원하는 데이터를 얻어낼 수 있다"""
185,"""## 이전의 경기상황을 미루어 현재의 결과를 유추해내는 프로그램 제작  - 주요선수의 부재  - 원정 경기 이후 일정  - 선수들의 컨디션 고려  - 국가대항전 후 리그 경기 승률 구하고  - 챔스 경기 후 리그 경기 승률    """
186,"""## protocol  - Zigbee - BLE - WIFI   -비콘"""
187,"""## Item  - 회사  사무실용  IOT 구상 - 모듈화 - 맨투맨  서비스 - 무선  LAN - LoRa - 국내  전파법"""
188,"""## Iot 적용  가능  분야  - 사무실 - 공장 - 학교 - 집 - 도로 - 가방 - 수면 - 가스 - 에어컨"""
189,"""## 리더가  되면 퇴근할때는  인사없이  퇴근하도록"""
190,"""## 이 회사에서 할 수 있는 것 일을  처리하는 능력 (계획 실행 확인) 주변사람의  장점을  파악해서  그  장점을  내  습관으로  만들고 안좋은  점은  피하는  삶을  산다  존경할만한  사람이  있는  회사에  취직해라  지금  직장은  존경하고  배울것이  많은  회사이다.  형들과  얘기를  많이  하면서  많은  것을  가져와야겠다.  배울  수  있는  것들을  최대한  이끌어  내야  한다.  여러분의  조직에서는  실패를  공유하고  있습니까. 만약  리더가  “나는  수치로  나타난  성과만  보고  직원들을  평가하겠다”고  선언한다면, 어떤  부하가  자신의  실수와  실패를  동료와  공유하겠습니까.  프로에서는 개인의 능력을 최대한 끌어내는것이 감독의 역할  물론 자신의 노하우를 알려주면서 더 배울 수 있지만 가르치는 역할은 아니다  공개된 자리에서 잘못을 목격하면 그 자리에서 뭐라하기 보다는 나중에 그것을 지적해주고 주변에 아무도 없으면 그 자리에서 얘기해준다  -   회사의  지식과  정보를  다  데이터화  시켜놓자 -   홍보는  제품을  소개하면서  회사도  소개시켜야  한다 -   글을  볼  때  글을  쓴  사람을  알게  되면  내용에  더  집중하게  된다  손흥민이  토트넘만을  위해  열심히  성과를  내는  것이  아니라  자신의  커리어를  위해  하다보니  토트넘도  같이  이득을  본다  사장이  모든  결정  권한을  갖지  않고  역할별로  권한을  갖게  될  경우에  각  역할에서  했던  결과가  좋지  못할  경우  그것을  제지하는  것은  결국  사장(또는  인사)이  아닌가?  니가  이걸  해줘서  참  다행이야  당신이  이  일을  맡아줘서  다행입니다 라고  말해주자  일을  할  때는  아래를  봐서는  안된다  못했던  것을  생각하며  현재를  무마하지  말고  잘된  것을  생각하여  더욱  정진해야  한다  안보이니까  괜찮겠지  보다  안보이는곳까지  최선을  다해야  한다  하지만  코드를  짤때에는  모든  곳을  잘  보이게  해야  한다  어디에서  일을  하냐가  중요하다  아무리  많은  경험과  기술이  있어도  회사마다  다르기  때문에  어떤  기술을  할줄  아느냐보다  어떻게, 어떤  방식으로  해왔느냐가  더  중요한  것이다  문제  해결을  위해  탐구하고  고민했던  부분이  도움이  될  것이다  내가  더  발전할  수  있는  곳에서  나보다  뛰어난  사람들과  일을  하면서  나  자신의  삶을  살아가고  싶다  나  또한  나중에  나같은  사람과  일하면서  가르쳐  줄  수  있으면  좋겠다  직원들에게 자유로운 문화를 누리게 해주려고 생긴 문화가 아니라 성과를 만들어내는 사람이 일을 가장 잘 할 수 있는 방법을 찾다보니 만들어진"""
191,"""## 해외 기업이 외국인을 채용하는 이유는?   다양성(창의성)을 더 확보하려고   그 국가의 시장을 공략하기 위해서   나는 해외시장과 국내시장의 차이점을 인지하고 해외에서 한국으로의 성공적 상륙을 한 업체에 대해 조사할 필요가 있다   좋은 제품을 만드는 다른 기업에서 어떻게 일하는지 일하는 방식을 알고싶다  교육을  잘  받고, 업무  집중도가  높은  사람, 그사람의  경험과  지식을  얻기위해 - 지식  공유"""
192,"""## 일본  스시  장인  다큐를  보고 스시  장인이  제자를  두고  잡일만  시키는  것처럼  보인다  제자는  그저  잡일만  따라하는  것으로는  성장하지  못한다  장인이  하는  것을  가까이  보는  것  자체가  배움의  기회이고  잡일을  하면서도  혼자서  본  것, 느낀  것들을  연습하면서  성장할  수  있는  것  같다  훌륭한  스승은  좋은  경험을  제공해  주는  것  같다.  경험과  기술.."""
193,"""## 천재의  밑에서  배우는  평범한  제자는  천재스승을  뛰어넘을  수  없는  것일까  만약  뛰어넘는  제자가  있다면  그도  천재였기  때문에  뛰어넘을  수  있었다  라고  얘기가  되어지지  않을까  사실  그는  천재의  밑에서  큰  깨우침을  얻은  평범한  사람이었을  수  있을텐데  천재는  태어나는  것이기도  하지만  되어질  수도  있는  것일까  틀을  깨트리는  것이  도약의  길이다"""
194,"""## 신용할  수  있는  사람 정직하고  남을  생각하고  착한  사람이면  신용할  수  있는  사람인가  일을  잘  처리하는  사람이  신용할  수  있는  사람인가  정직한  것이  변질되는  것이  쉬운가  일을  잘  처리하는  사람이  변하는  것이  쉬운가"""
195,"""## 개발의  목표 개발을  하면  사용자가  원하는  것을  그대로  맞춰주는  것도  중요하지만  그대로  맞추는  것보다  사용자가  생각하는  이미지의  껍질을  깨뜨려  줄  신선한  이미지를  구현해낼  필요가  있다  그렇다고  내  것을  주장해야  되는게  아니라  사용자에게  좋다고  느껴지게  만들어야  한다  나는  좋다고  생각하는데  사용자가  마음에  들어하지  않으면  안된다  사용자에게  감동을  일으켜야  한다  > 영화의  전권을  쥐고  있는  사람은  어디까지나  감독이다. 감독이 ""이  음악은  아니다""라고  말하면  내가  아무리  좋다고  주장해도  받아들여지지  않는다. > 처음부터  다시  만들어야  한다. 그렇다고  감독이  말하고자  하는  이미지나  영상에  너무  집착해서도  안도니다. 감독의  이미지  안에서  무난한  작품을  만들면  작곡가로서  아무런  재미가  없지  않은가! > 대부분의  감독은  풍부한  창조성을  가지고  있다. 그들은  자신의  내부에  있는  모든  창조  에너지를  쏟아부어  영화를  만든다. > 따라서  영화음악을  만드는  사람도  그에  걸맞은  풍부한  창조성을  가지고  있어야  한다. 감독은  항상  자기  이미지의  껍질을  깨뜨려  줄  신선한  음악을  찾고  있기  때문이다. > > > - 히사이시  조"""
196,"""## 너무 일찍 성공하면 남은 인생 동안 그것에 대해 생각하며 끌려가는 삶을 살 수도 있다"""
197,"""## 점진적 세상은 점진적으로 좋아지고 있다   소통 속에 발전이 생긴다   서로 싸우면서 몰랐던 부분에 대해 조금씩 영향을 받고   개선되어진다   의견을 내면 반드시 반대하는 사람이 있을 것이고 그 의견을 통해 자신의 의견은 더 견고해질 수 있다   이전의 잘못된 것을 보고 다음번에 그것을 신경쓰게 되고 그러면 새로운 문제가 생길 것이고 그것을 점진적으로 고쳐나가면 된다"""
198,"""## 청첩장   버리자니 마음이 좀 그렇고   갖고 있자니 또 이상하다   내가 청첩장 만들때는 회수 가능한 방법을 찾고   회수한 후에 사용할 방법도 찾아봐야겠다"""
199,"""## 타이어를 다시 발명할 필요는 없다   관심분야에 집중한다   하나에 온전히 집중할 필요가 있다"""
200,"""## 환경이 사람을 변화시킨다   But, Need deep dive to an environment   Don't make just place change"""
201,"""## 맞춤형 서비스와 정보 공유 개인 맞춤 서비스는 감시도구가 많을 수록 잘 써질 수 밖에 없다   주의해야 한다    정보 조직   어떤것을 보여주느냐에 제작자의 판단이 안들어갈 수 없다   투명한 정보제공은 가능한가?    모든 서비스는 사람이 만들기에 만든 사람의 영향이 들어간다   블록체인도 개발자가 피할 수 없는 이득을 가지게 되어있다"""
202,"""## 감독이 없는 팀이 잘 굴러가려면?   자본주의 위에 세워진 사회주의가 기존의 ceo들을 자리에서 물러아게 하면 혁명세력들이 그것을 차지하게 되는데 이들이 공장을 잘 운영할 수 있을까?   혁명가 중 우두머리에 의지하게 될까?   혁명가 중 우두머리를 세워놓되 견제를 쉽게 할 수 있게 하면 될까?   프로그래밍 팀에서 팀장이 없이 될까?   애자일이라는 프로젝트 진행 방법론에서도 이를 운영하는 애자일마스터가 존재하긴 한다   어느곳이든 다수의 의견을 모을 중심점은 있어야 하는가    사회주의를 보면 지나친 중앙통제는 실패한다   적절한 조절을 해야한다"""
203,"""## 한국에 있을때는 독일에 대한 걱정을 하느라 한국일을 소홀히 했고 독일에서는 다시 한국 생각을 하고 있다   목표를 세워놓고 거기에 대비하는 것은 좋지만 현재를 더 충실히 보내야 한다 자소서에는 tdd, refactoring 중요하게 생각한다 해놓고   tdd를 써본적도 없고 바로 쓸 수 있지도 않더라"""
204,"""## 소풍을 갈 땐 준비를 잘 해가면 소풍이 즐거워진다   여행을 할 때는 준비를 잘 해가도 계획대로 안된다"""
205,"""## software to make money 소프트웨어나 컨텐츠에 돈을 안쓰려고 하는 경향이 있다   내가 소프트웨어로 돈을 벌어야 하는데 돈을 안쓰면 내 소프트웨어도 가치를 인정받기 어렵다   소프트웨어에 돈을 쓰기 싫어하는 이 생각을 어떻게 바꿔야 할까    netflix - valuable content   goodnote, notability   grammerly good app    bear   fotmob    what is good?   design   useful   function   easy   good app    bear   fotmob    what is good?   design   useful   function   easy"""
206,"""## 4/22 문제를 회피하는것   문제를 일으키지 않고 넘기는 것   문제를 일으키고 모르는 척 하는 것   문제를 일으키고 잘 넘어가는 것    미키서의 영상을 보고   금서님의 영어를 보고 나는 몇개월째 공부중이지만 내가 나가면 저 정도로 얘기할거라고 느껴버렸다   실전이 필요한가   20/4/19    엄마에게 이모를 회피하는 내가 잘못하고 있다고 말하려고 했는데 하지 않았다   이모를 가만히 놔두는 것으로는 아무것도 해결되지 않을 것이라는 것을 느끼지만   얘기를 해서 풀기 너무 힘든 문제라고 생각해서 나는 쉬운 방법만을 이용하려고 한다   언젠가 이런 회피가 나에게 크게 되돌아 올 것이다   20/4/19    Linus has been computer video for 10year   If i doing my favorite thing do 10 year to youtube will be good glory myself    Find efficient way    Image to be crack"""
207,"""## education 독일에서 10살때 김나지움을 갈지 레알슐레를 갈지 정해지고 그 길을 따라 대학을 갈지도 정해지는데 계급을 나누기 위해서가 아니라   노동자를 우대하는 환경 속에서   기술을 배울 사람은 좀 더 전문적이 될 수 있고   공부를 더 하고 싶은 사람이 계속 공부해나가는 코스로 가도록 만들어진 구조이다   물론 10살때 결정된 것이 미래를 결정한다는 부분이 문제점으로 인식이 되며, 독일에서는 원래 변경이 불가능했던 것을 변경 가능한 길을 만드는 것으로 변화하고 있다    노동자를 우대하는 환경이 있기에 레알슐레를 가는 것이 김나지움을 가지 못해서 가는 것이 아니라 배우고 싶은 것을 찾아가는 것으로 보여진다"""
208,"""## server i dont understand algorithm problem that hard in array   my thinking is very weak   need more training   but i need improve thinking power    server architecture   to using some company service   특정 서비스에 종속되는 것을 조심하고   다양한 기술을 써봐야겠다   처음에는 특정기술에 의존하는 것이 영속성이 없어서 서버아키텍처에 포함하면 안되지 않을까 싶었지만 기술적으로 파악하고 사용하고 종속되지 않도록 해야겠다   앞으로도 새로운 기술을 계속 써야하기에 지금 있는 기술을 두루두루 다뤄봐야겠다   그러나 내 서버 아키텍처는 단순하고 가벼웠으면 좋겠는데 여러 기술을 사용하면 복잡해질 수 밖에 없는데 이를 계속 생각하고 있다    상품 출시 후 어떻게 지표를 관리할지 구상해야겠다    SRE업무가 데브옵스의 운영배포 포지션을 전문화한 것 같다 알아봐야겠다"""
209,"""## 주식은 자본주의 체제에서 가장 잘 이용할 수 있는 도구다   주식으로 돈을 벌고 원하는 취미생활을 하는것은 나쁜게 아니다   단지 주식의 변동성이 커서 위험성이 따르는 것이 첫번째 문제이다   주식시장을 잘 파악하는 것은 인생에 도움이 될 것이다"""
210,"""## memory 노트에 모든것을 기억하려고 하면 기억하려는 능력을 발달시키지 않으려 한다    플라톤의 대화에도 이런 이야기가 있다고 한다"""
211,"""## place 공간은 돈이다   공간, 장소를 잘 알면 돈이 된다   편리함은 노동력과 교환된다"""
212,"""## a to b to a again a에 있다가 a가 너무 싫고 b가 하고 싶어서 고민끝에 b를 갔는데 b에 가보니 별로여서 a로 다시 돌아가고 싶어하는 경우가 있다. a가 싫었음에도 불구하고    여기서 a가 사실 좋은곳이었는데 다른 곳이 더 좋아보여서 갔다가 돌아오는 경우가 있고   a가 안좋은 곳이지만 b가 더 안좋아서 차악을 선택하는 경우도 있는데    후자의 경우 b를 원했던 이유를 다시 생각해봐도 a로 돌아가게 되겠지?   a의 안좋았던 점을 다시 생각하고 b를 원했던 이유를 생각해도 a로 돌아가게 된다면 a는 좋은 곳인가?"""
213,"""## 지방자치가 허황된 얘기인 이유   ○ 지방자치의 문제점   ○ 왜소도시 관리 안됨   ○ 적당한 주기가 필요할 것 같은데   ○ 조선시대는 중앙집권으로 잘 운영되었다   ○ 그 지방의 힘있는 사람이 마음대로 하기 쉬움   ○ 지방자치할 정도로 나라가 크지 않다?  """
214,"""## ﻿500유로 집  벌레-  온도+  청결+  방음-  화장실+  420유로 집  벌레-  온도-  방음+  화장실-  2인방? 450유로  미테  중심 600유로  혼자 쉐도잉  할  공간이  필요  공부 자체는 자는  곳과 별개로 있었으면  좋겠다 - 도서관  하지만  운동하는  곳과 쉐도잉을 편하게 할  공간이  필요하다  현재  있는  집에서 편하게 할  수  있는지 계속 해보고  한달  더 지켜볼지  바로 지금  잡을지 !!!!!  밖을  돌아다닌다면 500유로  집이  필요할지?  집에만  있는다면  독일에  올  필요가  있었을지?  대화를  계속  해야  좋다  그렇다면  집을  다른  곳을  알아봐야  한다.  거리 - 중심지에서 30분  이내, 주변  환경  가격 - 400유로  청결 - 아파트, 깨끗, 따뜻, 벌레X,  이웃 - 외국인  -- this choice was good decision.  because expose COVID-19 and can't going anywhere.  I have doing study well."""
215,"""## 대학수업  대학수업은  그  분야의  기초지식들을  알려주고, 그  분야에  대해  알  수  있게  해주는  수준이다. 과제들을  통해  깊게  연구할  수  있도록  유도해주지. 수업  자체가  깊이  있는  강의를  해주지는  않는다. 해당  분야에  대해  이런  것도  있구나  라는  것을  알게  한  후  스스로  깊이  있게  공부하도록  도와준다.  """
216,"""## 블록체인  회사에  들어가서  일을  하게  되면  관리보다  코어  프로그램을  발전시키기  위한  개발을  하게  될텐데  내가  아는  지식으로  기존의  프로그램보다  더  나은  알고리즘을  만들  수  있을까?  수학적인  지식  없이?  블록체인에서  자원을  얻어가는  것만을  방지하기  위해(자발적인  참여를  위해) 코인같은  보상이  나오게  되었는데  보상  대신  다른  방법이  없을까?  """
217,"""## 프로그래밍과  글쓰기의  상관관계  코드를  읽는  것은  책을  읽는  것과  비슷한  것  같다. 한  줄  씩  읽다보면  내용이  보인다  그런데  요즘의  프로그래밍  흐름은  책  읽는  방식과  달라지고  있다. 함수형  프로그래밍의  대두와  객체지향형  프로그램에서  부터  시작된 코드의  클래스화, 모듈화, 소형화가  코드의  가독성을  좋게  해주고  유지보수에  이점이 있다고  받아들여지고  있다  Refactoring is like a revision"""
218,"""##  처음에  어떤  기능이  좋다고  생각해도  나중에  그것에  대해  반박하는  게  생기고 그러면  왜  좋았는지에  대해  다시  생각해봐야  하는  상황이  생기기에  좋았던  점을  기록해놓아야  한다  모르는 내용을 알때까지 공부한다 말은 쉽지만 안다는 게 쉽게 설명 가능해야 하고 주변지식도 파악해야 한다라고 하면 굉장한 노력이 필요하다  프로그래머라고 이야기하면 수학 잘한다고 생각하는 경우가 있는데 수학은 전혀 못하지만 컴퓨터를 좋아하면 프로그래머가 될 수 있는 것 같다 컴퓨터에서 뭔가를 내가 만들어 동작시킨다는 것이 재밌기 때문이다 #### Safety programming - Inner network only is safe? Every service has lots problem - And it has used to user and responsive complain - After that. Service is better than previous one. - How to make program to same as it. - Only accept have a certificate paper user system. Is it security? """
219,"""## base workout - push up - pull up - squat - dips"""
220,"""## method - keep going when you don't do again """
221,"""## Today ``` 8 wakeup 12 vim setting 16 go to the mart I knew will come rain. but I didn't prepare an umbrella. I thought to look dark but no rain it would not come rain. but anytime it can come rain when this weather. I didn't consider that. It is my fault. I should prepare thing that something feels happen  18 friends 22 friends listening with [vim-go tutorial](https://github.com/fatih/vim-go-tutorial)  morning check grammar? yesterday journal ``` - [Use Vim like an IDE](https://vim.fandom.com/wiki/Use_Vim_like_an_IDE)"""
222,"""## react - [X] square position center align vertical - [X] text color white  work out friends  what is good? - round vs non-round - shadow - font-size  https://m.blog.naver.com/solah0629/221528366686 - I'll work on the lumps."""
223,"""## Today - workout     - today feels good, muscles enough work - make script when pomodoro done. write history     - make script is very fun. - friends     - hard to listening all..."""
224,"""## friends - Was that not clear? why don't I just join you both? - I'm asking a favor here. - I never should have broken up with her. Will you help me? Please? - Well, you may wanna rethink the dirty underwear. This is basically the first   time she's gonna see your underwear. you want it to be dirty? - OK. I can pick something else up on the way - Hello! Were we at the same table?  time to go to work i haven't been seen it yet"""
225,"""## Today - workout good - ubuntu dead... too many time spend - I'm not a good developer. need more effort  https://vi.stackexchange.com/questions/625/how-do-i-use-vim-as-a-diff-tool https://m.blog.naver.com/PostView.nhn?blogId=epalthekekek&logNo=10188176668&proxyReferer=https%3A%2F%2Fwww.google.com%2F https://medium.com/@studioego/notepad-%EC%9D%98-%ED%95%9C%EA%B5%AD%EC%96%B4-%EB%B2%88%EC%97%AD-pr%EC%9D%84-%EB%B3%B4%EB%A9%B0-%EC%98%A4%ED%94%88%EC%86%8C%EC%8A%A4-%EC%86%8C%ED%94%84%ED%8A%B8%EC%9B%A8%EC%96%B4%EC%9D%98-%ED%95%9C%EA%B5%AD%EC%96%B4-%EB%B2%88%EC%97%AD%EC%97%90-%EB%8C%80%ED%95%9C-%EC%83%9D%EA%B0%81-%EC%A0%95%EB%A6%AC-31200d2972ee https://www.reddit.com/r/vim/comments/5ark6s/what_does_this_mapping_mean/"""
226,"""## telegram - 1108419102:AAE_apfPb95EjB07pOe1w4aEmXNflOWvWzU - 433493318 - https://api.telegram.org/bot1108419102:AAE_apfPb95EjB07pOe1w4aEmXNflOWvWzU/getUpdates - https://api.telegram.org/bot1108419102:AAE_apfPb95EjB07pOe1w4aEmXNflOWvWzU/sendmessage?chat_id=433493318&text=''"" - https://api.telegram.org/bot[봇토큰]/sendmessage?chat_id=[챗아이디]&text=[보낼메시지] - https://gabrielkim.tistory.com/entry/Telegram-Bot-Token-및-Chat-Id-얻기 [행복둥이들의 이야기]  - homepage connect alert?"""
227,"""## want vim - [X] when i want see tag, view right panel - use Ag search to word - [ ] and can view current page toc right panel"""
228,"""## Today - this week i had too less study english     i need more study english !!! - make bookmark using google keep, write #keep or #inbox"""
229,"""## 2020-04-07 08:35 POMODORO/pomodoro complete ![2020-04-07_08-35](../screenshot/2020-04-07_08-35.png) [[local:/home/sh/vimwiki/screenshot/2020-04-07_08-35.png]] > really coming spring  > sleep again at night..."""
230,"""## 2020-04-08 09:56 POMODORO/pomodoro complete ![2020-04-08_09-56](../screenshot/2020-04-08_09-56.png) [[local:/home/sh/vimwiki/screenshot/2020-04-08_09-56.png]] #### I've done - https://www.youtube.com/watch?v=_U269R4FOS0&feature=share - what I've done yesterday? - I've done wake up - I've wake up now"""
231,"""## 2020-04-10 08:41 POMODORO/pomodoro complete ![2020-04-10_08-41](../screenshot/2020-04-10_08-41.png) [[local:/home/sh/vimwiki/screenshot/2020-04-10_08-41.png]] > change workout time morning -> afternoon (16?)  url shorter clipboard or google keep -> url shorter -> vimwiki  > blog post first line write 'this article is category 1/15'  > i looking for book about avoid is not help to solve problem   > but now i'm think i really find thing is subject about avoid sometimes can help you   > I wanna solve in front of me problem... But I'm do nothing..."""
232,"""## 2020-04-11 08:26 POMODORO/pomodoro complete ![2020-04-11_08-26](../screenshot/2020-04-11_08-26.png) [[local:/home/sh/vimwiki/screenshot/2020-04-11_08-26.png]] > for my body, i need have a cook > but cook is spend too many time > i think i cook when i'm come germany. but i don't haha > and i think after 1month when started work-out my body grow up but now no > different  > is it possible md-file -> redis -> web-server?  > why i confusing > bookmark, photo, document, file, note,   > note... simple is good... but design is good too... bear is very clear, good > vimwiki is good too... but design is depend on terminal > just terminal design upgrade is solve that?"""
233,"""## 2020-04-13 09:59 POMODORO/pomodoro complete ![2020-04-13_09-59](../screenshot/2020-04-13_09-59.png) [[local:/home/sh/vimwiki/screenshot/2020-04-13_09-59.png]]  > Queen voice amazing > Harry Styles - sign of the times voice amazing  > need note directory compose  > week journal move to daily diary?"""
234,"""## 2020-04-14 16:44 POMODORO/pomodoro complete ![2020-04-14_16-44](../screenshot/2020-04-14_16-44.png) [[local:/home/sh/vimwiki/screenshot/2020-04-14_16-44.png]] > wake up lately > i feel I've not improve english skill"""
235,"""## 2020-04-16 10:11 POMODORO/pomodoro complete ![2020-04-16_10-11](../screenshot/2020-04-16_10-11.png) [[local:/home/sh/vimwiki/screenshot/2020-04-16_10-11.png]] > after called wonbae. > confusing~~~~~~~~ about what? i don't know > is it boring? is it about don't shouting? is it what > jicheol asked how much better my deutsch skill > even go server go wasm doesn't good working"""
236,"""## 2020-04-18 08:53 POMODORO/pomodoro complete ![2020-04-18_08-53](../screenshot/2020-04-18_08-53.png) [[local:/home/sh/vimwiki/screenshot/2020-04-18_08-53.png]] > how to shower fast"""
237,"""## 2020-04-23 > typora > typora is that I imaged thing > markdown editor for local directory  > every file organize > - file - onedrive > - *image - clutter* > - *photo - google photo* > - text note - onedrive > - *todolist - app* > - *bookmark - google*  > note specification > constant > planning > archive > update > list  > make link each file"""
238,"""## 5/1 > Wake up lately again.. ## 5/5 > Today is children's day > OneNote compose complete~~ > very funny and nice > very happy"""
239,"""## 한번 허용하면 계속 반복된다 vs 한번의 예외는 있을 수 있다 #### 다른 사람의 말을 듣는 유연 vs 다른 사람의 말에 영향 받지 않는 강한 에고 ○ 나를 틀에 넣으려는 사람에 대한 반발   나에게 새로운 것을 보여주려는 사람에 대한 수용   자기 생각만 하는 독불장군   자기 생각으로 자유롭게 행동하는 집시   자기 생각이 없는 줏대 없는 사람   자기 생각보다 다른 사람의 의견을 듣는 깨어있는 사람   자신의 생각을 가지고 있지만 다른 사람의 의견에 휘둘리는 경우   휘둘림과 오픈마인드 사이"""
240,"""## 2in1이 좋을때가 있고 미니멀하게 하나의 기능만 집중되있는게 좋을 때가 있다 #### 써도써도 적응이 안되는 경우 vs 적응이 되는 경우   #### 모두가 쓰는 것에 대해 뻔한 것과 표준으로 퍼져있는 것 #### 형식을 안지킬 때 가치관의 차이   - 어 독특하네?  vs 아니 왜 기본을 안지켜? #### 반목 무관심? #### 공략법을 보는 것과 경험을 통해 하는 것에 대한 결과의 차이   #### simple vs neat   - If there all white, but you have that need yourself it’s white, it’s neat - 심플함과 휑함의 차이는 어떻게 만들어 내는가 #### 공개하는 것이 더 좋은결과가 나올까, 숨기는게 더 좋은결과가 나올까?   #### 국가차원에서 진행해서 좋은 일도 있고, 도시차원에서 진행해서 좋은 일도 있고   ○ 도시에서 에너지 자체 생산 및 소비가 이루어지면   국가차원에서 굳이 원자력을 이용 안해도 되지 않을까   소규모로 진행 가능하면 좋은 일   에너지, 필요한 만큼만 있으면 된다? --->>>   부족하면 가져올 수 있는 방법도 있을 것   대규모로 진행 가능하면 좋은 일   교육 등 새로운 것이 필요한 일   ○ 이를 소프트웨어에 적용하면? (블록체인 구조)   - 에너지는 필요한 만큼만 있으면 되는가?   ○ 도시 자체적으로 생산 하고 소비하면 되는 것인가?자체적으로 생산하는 에너지에는 한계가 있다   가정마다 에너지 소비를 줄이는 노력이 필요하다   프라이부르크의 한 친환경 마을에서는 자동차이용 대신   도시에 트램과 보행자 통행이 쉬운 환경을 조성해놓고   자전거 이용이 대중화되도록 되어있다   이런 노력이 필요하다   ○ 독일에서 원자력 대신 친환경 발전을 하고 있는데   소비량이 적은 겨울에는 남아서 다른 나라에 헐값에 팔고   소비량이 많은 여름에는 생산량이 부족해서 다른 나라에 비싸게   사야 되는 실정이라고 한다.    # INBOX #### 폴리에스터 옷이 신체에 미치는 영향   #### 내가 갖고 있는 물건중에 꼭 필요하지 않지만 갖고 있는 것은 어떤 영향력으로 나에게 필요해지게 되었는가  """
241,"""## Iot 가 사람들의 삶을 어떻게 변화시켜 줄 수 있을까   - Iot는 어떤 환경을 만들어 줄 수 있을까   #### 애자일은 빠른 피드백을 요구한다. 고객이 계속 응답하는 것을 좋아할까?  """
242,"""## 블록체인의 암호화폐는 익명이어야 하나?   - 정보공개는 하지만 탈중앙화되어 자유롭게 거래하는 것에 의의가 있는게 아닌가?   - p2p는 누군가는 내 것을 남에게 주어야 한다 그리고 그것은 거부감이 들 수 있다   ○ 이 것을 어떻게 다르게 생각 할 수 있을까   ○ 보상이 추가된다 나의 자원은 비워놓고 중앙에서 가져다 쓰기를 원할 수 있다 사용자는 그냥 중앙에서 내려받기를 원하지 내 자원이 사용되기를 원하지 않는다   - p2p 특성상 노드들이 오프라인 상태일 경우가 발생하는데 이 때 공격에 대비하기 위해 비잔틴문제해결 알고리즘의 얘기가 나오게 되었군  """
243,"""## 반일 불매 운동을 놓고   - 외부세력에 대항해야 하는데 국민의 분열이 문제다 또는 국가적인 파시즘이 아니냐    - 화웨이가 세계시장에서 외면받게 될까   - 삼성이 주요소재를 구하지 못해 세계의 신뢰를 잃게 돼 외면받게 될까   화웨이는 자체적인 보안문제에 더불어 미국의 정치적인 제재가 추가됨   삼성은 외부적인 정치문제, 해결가능?   소비자는 좋은 제품을 찾으려고 한다"""
244,"""## 고려와 지방호족의 관계 #### 근대철학자 확인 #### 아베가 취임할 당시의 여론을 확인해보고 지금의 상황과 비교 #### 사람들의 인식을 확 바꾸게 된 사건들은 무엇이 있을까 #### zsh 기능 존재 확인   - Zsh Autopair: A simple plugin that auto-closes, deletes and skips over matching delimiters in zsh intelligently   - Fast Syntax Highlighting: Feature rich syntax highlighting for Zsh.   - Zsh History Substring Search: Fish-like history search feature."""
245,"""## 정신병자를 사회는 어떻게 받아들여야 할까"""
246,"""## 상품권깡 업체들은 상품권을 어떻게 쓰는거지?   - 은행에 되팔아서?   - 그걸로 돈이 되나?"""
247,"""## 고주파일수록 수신기가 작아진다?"""
248,"""## 무선통신 - 주파수는  발생  가능하다     - 대기중에  있는  전자기를  진동시켜서  발생시킨다 - 진동시키는  방법은?     - 교류발전을  통해? - 주파수  대역은  인간이  설정한  약속된  신호인가?     - 맞다     - IEEE 대역, ITU대역  등이  있다 - 주파수를  잡는  장비만  있으면  인터넷  사용이  가능한가?"""
249,"""## Joel's question - 트랜스메타 칩이 항상 굼벵이처럼 기어가는 이유   - 모뎀사용자의 웹페이지에서는 큰 테이블이 늦게 뜨는 이유   - com이 프로세스 경계를 가로지를 때는 느린 이유   - nt 개발자들이 화면 드라이버를 커널공간에서 사용자 공간으로 이동한 이유   - 멀티코어 CPU 에서 프로세스를 나누는 방법은?   - 스레드를 두개를 부르면 자동으로 프로세스가 나뉘어 지나?   - 반응형 웹디자인에 대해 서버측에서 동작하는 부분이 있나?  """
250,"""## 스타트업 업체수   - 실리콘밸리 뉴욕 런던 베이징 보스턴   - 텔 아빞 베를린 상하이 la 시애틀  """
251,"""## 해외에서 학점은행제 이용할 수 있나?   - 학점은행제로 졸업하면 블루카드 받을 수 있나?   - 학교간판이 나중에 필요하다면 편입 다시 해도 될 듯  - 72학점 보유중   - 제적 이후 진행 가능   - 140학점 되어야 함   - 전기전자과인데 정보통신이나 컴퓨터공학으로 이동 가능?  """
252,"""## Elevator   How to perfectly make elevator?   Can It bring programming"""
253,"""## 국제적 사건이 기업의 상품에 영향을 미치면 주식의 가치가 변하는 것이 일반적이고 이 때를 이용해 주식을 하면 돈을 잃기 힘들텐데 잃는 경우가 있을까"""
254,"""## 영화나 드라마에서 악당의 보스를 따르는 충실한 부하들의 동기 조사"""
255,"""## 직관적으로 알아 볼 수 있는 추상"""
256,"""## 아이패드를 사면서 고민했던 것과 사고 나서 느낌 """
257,"""## 추상 미술에 대해 알아보면서 추상화에 대해 힌트를 얻을 수 있을까 #### I want see well-designed programming"""
258,"""## 축구 승점 3점 1점 이유 - game to be exciting - more winning team win then winning and draws team #### 도시의 경쟁력은 어디서 나오는가   + 사회민주주의 덴마크의 암    # HOW TO #### 법원 판례집 보는법 #### 깃 일일빌드 풀리퀘스트 요령 #### 행동을 데이터화해서 기록을 남기는 방법 알아보기 #### 사이트  접속  안될시  대피사이트로  이동하는  방법 #### 다양한 데이터들을 어떻게 조합해서 보여줄 것인가 #### english pronounce - R L - P F - A E #### 개발자 프리 뛰는법   - 2400만원 이상 시 사업자등록증 필요하지만   - 그냥 사업자등록증 내는 게 그 전에도 괜찮다   - 구글 앱스토어에서 유료어플 등록 시 사업자등록증이 필요하다 #### 북마크에 남긴 정보자료를 어떻게 관리해야 할까   - 이건 정보로서 가치가 있는 것인데  """
259,"""## 금의 희소성?"""
260,"""## go clean architectur? #### 라플라스  변환 - 인간의  변화  기준인  시간을  기계가  인식하는  변화의  기준인  주파수로 변환 #### 세마포어(신호기) - Mutex와  유사하지만  프로세스  단위의  작업이다. #### Mutex -   멀티  스레드  사용  시  스레드들의  간섭을  막기  위해  Mutex라는  키를  이용하여  접근을  제어한다.  - 한  스레드가  mutex를  lock  시키면  lock을  해제할  때까지  다른  스레드는  작업을  하지  못하게  해준다. #### IOCP(input/output Completion Port) #### 에스토니아 전자이민 #### dht #### 하이퍼키 #### P2P #### kademlia #### 로그나선 #### Ipfs #### 분산  웹 #### 푸리에급수 변환 #### generic 이 뭐지 #### 레졸루션 - 해상도 (화면  상  픽셀의  개수) #### mnf 자막 #### Gevent greenlet #### 디자인  패턴  중  어댑터,커맨드,전략,컴포지트,옵저버  패턴  확인 #### Calisthenics #### 영어회화 핵심패턴 233"""
261,"""## 기전력  """
262,"""## 왼손 오른손 법칙  """
263,"""## 함수가 연속이기 위한 조건  """
264,"""## 이온 : 전기적 성질을 띄고있는 원자  """
265,"""## 수열"""
266,"""## ML  - 데이터 클리닝   - 데이터 축소   - 데이터변환   - 정규화   - 더미 코딩   - 평가지표   - 평가방법   - 데이터분리   - k 겹 교차검증   # 궁금했지만 찾을 수 없던 것들 - 아에로플로트 모바일 보딩패스 사용가능한지 - 사라매테예보공항 새벽에 (8시 비행기) 교통 수단 원활한지  Berlin sprachschule 스탠포드 mit 강의 1개씩 보기 """
267,"""## To Do  - (B) 2020-04-08 find tour information - 2020-04-12 cache - 2020-04-11 jenkins - 2020-04-11 keep inbox file link - 2020-04-09 gRPC, HTTP/2 - 2020-04-08 website stack change all same - 2020-04-05 reminder app - 2020-04-04 when useful pointer? - 2020-04-03 haskell tutorial - 2020-04-03 ubuntu scroll lag - 2020-04-02 memoization - 2020-04-02 collection note send message - 2020-04-02 aws key expose outside - 2020-04-02 local <-> aws load balancing - git check before pc off - tmux disk usage - Need to clean up commit - how to i know need update file - update to-do list? - mouse middle button - defer - panic - recover : check source - ubuntu bluetooth setting - i3 sound setting - morning training before eat what food"""
268,"""#### archive  [] joplin sync [] workspace sync  curitiba.porkbun.com fortaleza.porkbun.com maceio.porkbun.com salvador.porkbun.coms  사무자동화산업기사  임베디드  기사  정보통신기사  정보보안기사  정보처리기사"""
